1.102479454129934311e-02,-6.213634833693504333e-02,7.820148468017578125e-01,1.000000000000000000e+00,-2.555847167968750000e-03,-4.407882690429687500e-03,-8.809566497802734375e-04,-1.026072818785905838e-02,6.563671678304672241e-02,4.563597962260246277e-02,1.973499208688735962e-01,-2.245523482561111450e-01,-4.276523739099502563e-02,-1.597685366868972778e-02,-8.660149574279785156e-02,-7.349251210689544678e-02,1.365622580051422119e-01,-1.018938496708869934e-01,1.203739345073699951e-01,6.095660384744405746e-03,-2.019453607499599457e-02,1.673035919666290283e-01,6.275652348995208740e-02,1.948208510875701904e-01,-2.819570004940032959e-01,9.769493341445922852e-01,-3.116632066667079926e-02,8.097751438617706299e-02,4.886638745665550232e-02,-9.790229052305221558e-02,-2.328768819570541382e-01,7.696818709373474121e-01,1.056978225708007812e+00,-1.740571260452270508e-01,6.183939799666404724e-02,-4.911303520202636719e-02
1.115814689546823502e-02,-5.968702957034111023e-02,7.813045978546142578e-01,1.000000000000000000e+00,-4.878997802734375000e-03,-4.924774169921875000e-03,-5.521774291992187500e-03,-2.469321154057979584e-02,7.024835050106048584e-02,5.532022193074226379e-02,2.362478524446487427e-01,-2.468013465404510498e-01,-3.918508440256118774e-02,-1.537395175546407700e-02,-8.458580076694488525e-02,-6.722123175859451294e-02,1.336701214313507080e-01,-9.980043768882751465e-02,1.254027336835861206e-01,9.264717809855937958e-03,-1.918932050466537476e-02,1.696068942546844482e-01,6.049944460391998291e-02,1.956738382577896118e-01,-2.764802277088165283e-01,9.666437506675720215e-01,-3.338852152228355408e-02,8.289403468370437622e-02,4.848941415548324585e-02,-1.015504598617553711e-01,-2.349919229745864868e-01,7.675572633743286133e-01,1.054108858108520508e+00,-1.735955178737640381e-01,6.286154687404632568e-02,-4.776293039321899414e-02
1.096463389694690704e-02,-5.603796616196632385e-02,7.802156805992126465e-01,9.998779296875000000e-01,-8.481107652187347412e-03,-6.008881609886884689e-03,-1.060996856540441513e-02,-4.157928749918937683e-02,7.652914524078369141e-02,6.342367827892303467e-02,2.826419770717620850e-01,-2.707023918628692627e-01,-3.224448487162590027e-02,-1.505635958164930344e-02,-8.043853193521499634e-02,-5.945690721273422241e-02,1.318447887897491455e-01,-9.799157828092575073e-02,1.298999488353729248e-01,1.160001941025257111e-02,-1.586788333952426910e-02,1.731874644756317139e-01,5.861693993210792542e-02,1.958198845386505127e-01,-2.691813111305236816e-01,9.548215866088867188e-01,-3.429550677537918091e-02,8.170783519744873047e-02,5.041566491127014160e-02,-1.062425598502159119e-01,-2.373847961425781250e-01,7.629492282867431641e-01,1.050887823104858398e+00,-1.668826490640640259e-01,6.421559303998947144e-02,-4.727630317211151123e-02
1.111551746726036072e-02,-5.139614269137382507e-02,7.792670130729675293e-01,9.997557997703552246e-01,-1.243131980299949646e-02,-7.434753235429525375e-03,-1.541514135897159576e-02,-5.506094172596931458e-02,8.195196092128753662e-02,7.029215246438980103e-02,3.238726258277893066e-01,-2.918397486209869385e-01,-2.376961521804332733e-02,-1.527114212512969971e-02,-7.634118199348449707e-02,-5.105283856391906738e-02,1.319784820079803467e-01,-9.636802971363067627e-02,1.341098994016647339e-01,1.294305827468633652e-02,-1.220638863742351532e-02,1.770808249711990356e-01,5.689463391900062561e-02,1.977738887071609497e-01,-2.640694975852966309e-01,9.443808197975158691e-01,-3.150997310876846313e-02,8.093571662902832031e-02,5.414005368947982788e-02,-1.114258840680122375e-01,-2.384287565946578979e-01,7.569295167922973633e-01,1.049432754516601562e+00,-1.566328108310699463e-01,6.609095633029937744e-02,-4.872247576713562012e-02
1.139049790799617767e-02,-4.625231772661209106e-02,7.785125970840454102e-01,9.996337294578552246e-01,-1.524529978632926941e-02,-8.769386447966098785e-03,-1.949261315166950226e-02,-6.149509176611900330e-02,8.340664952993392944e-02,7.681454718112945557e-02,3.486137986183166504e-01,-3.056786656379699707e-01,-1.451746840029954910e-02,-1.640448719263076782e-02,-7.624483853578567505e-02,-4.328332096338272095e-02,1.354707628488540649e-01,-9.509447216987609863e-02,1.394535750150680542e-01,1.426055282354354858e-02,-1.131420861929655075e-02,1.799341142177581787e-01,5.410231277346611023e-02,2.020172923803329468e-01,-2.627398669719696045e-01,9.359897971153259277e-01,-2.756185457110404968e-02,7.972694188356399536e-02,5.742568522691726685e-02,-1.153741106390953064e-01,-2.382494360208511353e-01,7.516379356384277344e-01,1.048596382141113281e+00,-1.468990147113800049e-01,6.632896512746810913e-02,-4.981075227260589600e-02
1.167303882539272308e-02,-4.020706191658973694e-02,7.782271504402160645e-01,9.995726346969604492e-01,-1.676894538104534149e-02,-9.823229163885116577e-03,-2.257739752531051636e-02,-6.206403300166130066e-02,7.980481535196304321e-02,8.247794210910797119e-02,3.587747514247894287e-01,-3.118658065795898438e-01,-4.775687120854854584e-03,-2.020446211099624634e-02,-8.065965771675109863e-02,-3.618599846959114075e-02,1.446481794118881226e-01,-9.394881874322891235e-02,1.464215666055679321e-01,1.468103192746639252e-02,-1.396247278898954391e-02,1.821916103363037109e-01,5.177310109138488770e-02,2.081488519906997681e-01,-2.637967765331268311e-01,9.300420880317687988e-01,-2.197567373514175415e-02,7.873475551605224609e-02,5.835409462451934814e-02,-1.181415319442749023e-01,-2.364879548549652100e-01,7.441686987876892090e-01,1.048679828643798828e+00,-1.403908282518386841e-01,6.746903806924819946e-02,-5.084453523159027100e-02
1.206751912832260132e-02,-3.370213136076927185e-02,7.783979773521423340e-01,9.994505047798156738e-01,-1.667175814509391785e-02,-1.042748242616653442e-02,-2.488549984991550446e-02,-5.803347378969192505e-02,7.097359001636505127e-02,8.839537948369979858e-02,3.553907871246337891e-01,-3.107034862041473389e-01,5.944794509559869766e-03,-2.878567017614841461e-02,-8.963303267955780029e-02,-2.981971576809883118e-02,1.619778573513031006e-01,-9.427849948406219482e-02,1.544243395328521729e-01,1.529190130531787872e-02,-2.055209875106811523e-02,1.833695322275161743e-01,4.839042946696281433e-02,2.158250957727432251e-01,-2.644424736499786377e-01,9.246870875358581543e-01,-1.594839803874492645e-02,7.718908786773681641e-02,5.790465697646141052e-02,-1.202847510576248169e-01,-2.333938032388687134e-01,7.356175780296325684e-01,1.049049615859985352e+00,-1.373203396797180176e-01,6.795215606689453125e-02,-5.182279273867607117e-02
1.211528666317462921e-02,-2.689933404326438904e-02,7.789512276649475098e-01,9.995115995407104492e-01,-1.570896618068218231e-02,-1.071690395474433899e-02,-2.691438980400562286e-02,-5.182054638862609863e-02,5.930950120091438293e-02,9.457534551620483398e-02,3.441445231437683105e-01,-3.046585619449615479e-01,1.695462130010128021e-02,-4.245825856924057007e-02,-1.011418625712394714e-01,-2.248941920697689056e-02,1.878947764635086060e-01,-9.409774094820022583e-02,1.633280068635940552e-01,1.649283990263938904e-02,-2.905956096947193146e-02,1.845146715641021729e-01,4.556600004434585571e-02,2.238026112318038940e-01,-2.606639266014099121e-01,9.193570613861083984e-01,-1.201593130826950073e-02,7.649920880794525146e-02,5.742773786187171936e-02,-1.216541379690170288e-01,-2.300729751586914062e-01,7.246086001396179199e-01,1.049122333526611328e+00,-1.372016370296478271e-01,6.847299635410308838e-02,-5.276978760957717896e-02
1.167688146233558655e-02,-1.986371167004108429e-02,7.793881893157958984e-01,9.994505047798156738e-01,-1.494656782597303391e-02,-1.097328402101993561e-02,-2.931298315525054932e-02,-4.552546143531799316e-02,4.784293100237846375e-02,1.010595858097076416e-01,3.314485251903533936e-01,-2.978864014148712158e-01,2.684188261628150940e-02,-5.986281484365463257e-02,-1.122514009475708008e-01,-1.481307297945022583e-02,2.188316732645034790e-01,-9.349114447832107544e-02,1.721389889717102051e-01,1.892277598381042480e-02,-3.680469840764999390e-02,1.860263943672180176e-01,4.419947788119316101e-02,2.313798815011978149e-01,-2.532906532287597656e-01,9.102552533149719238e-01,-1.092126220464706421e-02,7.651618123054504395e-02,5.747910961508750916e-02,-1.223237290978431702e-01,-2.259971350431442261e-01,7.122284770011901855e-01,1.047315359115600586e+00,-1.367645859718322754e-01,6.813384592533111572e-02,-5.424000695347785950e-02
1.118594314903020859e-02,-1.327106915414333344e-02,7.796894907951354980e-01,9.993283748626708984e-01,-1.470027212053537369e-02,-1.137162093073129654e-02,-3.189703449606895447e-02,-4.033619165420532227e-02,3.771606460213661194e-02,1.074766740202903748e-01,3.203045427799224854e-01,-2.929118573665618896e-01,3.561793640255928040e-02,-7.773166149854660034e-02,-1.218216717243194580e-01,-7.129780948162078857e-03,2.507427632808685303e-01,-9.102527797222137451e-02,1.810619533061981201e-01,2.162985503673553467e-02,-4.267163202166557312e-02,1.884303092956542969e-01,4.305307194590568542e-02,2.381333261728286743e-01,-2.436468154191970825e-01,8.987196087837219238e-01,-1.132129598408937454e-02,7.612822204828262329e-02,5.871675163507461548e-02,-1.234457492828369141e-01,-2.233104854822158813e-01,6.995464563369750977e-01,1.044566869735717773e+00,-1.336533874273300171e-01,6.705147773027420044e-02,-5.703419446945190430e-02
1.054957043379545212e-02,-7.039527408778667450e-03,7.797709703445434570e-01,9.992062449455261230e-01,-1.506093516945838928e-02,-1.225490588694810867e-02,-3.445117548108100891e-02,-3.544328361749649048e-02,2.973246015608310699e-02,1.147494539618492126e-01,3.128291964530944824e-01,-2.901499569416046143e-01,4.321305453777313232e-02,-9.399586915969848633e-02,-1.285760253667831421e-01,6.406825850717723370e-04,2.808245420455932617e-01,-8.684980124235153198e-02,1.915057897567749023e-01,2.494515851140022278e-02,-4.686098545789718628e-02,1.917249411344528198e-01,4.378613829612731934e-02,2.450214922428131104e-01,-2.350557446479797363e-01,8.856650590896606445e-01,-1.037296745926141739e-02,7.751865684986114502e-02,5.966793000698089600e-02,-1.242012307047843933e-01,-2.204990684986114502e-01,6.879978179931640625e-01,1.041785001754760742e+00,-1.302731782197952271e-01,6.585752218961715698e-02,-6.259892135858535767e-02
9.937318041920661926e-03,-9.160218760371208191e-04,7.796922922134399414e-01,9.990840554237365723e-01,-1.642587222158908844e-02,-1.332549843937158585e-02,-3.653248399496078491e-02,-3.038432635366916656e-02,2.493028156459331512e-02,1.214969605207443237e-01,3.094168603420257568e-01,-2.893708050251007080e-01,4.983997344970703125e-02,-1.086886450648307800e-01,-1.331325918436050415e-01,2.613541902974247932e-03,3.076850175857543945e-01,-8.142225444316864014e-02,2.018379718065261841e-01,2.890081703662872314e-02,-4.902588948607444763e-02,1.966775208711624146e-01,4.321586713194847107e-02,2.527372539043426514e-01,-2.279567122459411621e-01,8.694459199905395508e-01,-7.171587552875280380e-03,7.804463058710098267e-02,5.857525020837783813e-02,-1.270450800657272339e-01,-2.173812687397003174e-01,6.753833889961242676e-01,1.037107706069946289e+00,-1.265456676483154297e-01,6.749217957258224487e-02,-7.058916985988616943e-02
9.411143139004707336e-03,4.320508800446987152e-03,7.803030610084533691e-01,9.989618659019470215e-01,-1.987995207309722900e-02,-1.419778354465961456e-02,-3.804914280772209167e-02,-2.774039469659328461e-02,2.581029199063777924e-02,1.250723451375961304e-01,3.077825307846069336e-01,-2.891378402709960938e-01,5.583782494068145752e-02,-1.198876723647117615e-01,-1.328907161951065063e-01,-8.960277773439884186e-03,3.304680585861206055e-01,-6.971921026706695557e-02,2.087069153785705566e-01,3.134892508387565613e-02,-4.747084528207778931e-02,2.005149871110916138e-01,4.593349993228912354e-02,2.615125775337219238e-01,-2.222920507192611694e-01,8.585140705108642578e-01,-5.633872468024492264e-03,7.740342617034912109e-02,5.871749296784400940e-02,-1.288841813802719116e-01,-2.132973223924636841e-01,6.662650704383850098e-01,1.034268856048583984e+00,-1.280899345874786377e-01,6.851759552955627441e-02,-7.439630478620529175e-02
8.725434541702270508e-03,8.724598214030265808e-03,7.813585996627807617e-01,9.988396763801574707e-01,-2.515278197824954987e-02,-1.466927304863929749e-02,-3.929119557142257690e-02,-2.752621471881866455e-02,3.144077956676483154e-02,1.251772046089172363e-01,3.075262308120727539e-01,-2.880536317825317383e-01,6.131933256983757019e-02,-1.308434158563613892e-01,-1.306876391172409058e-01,-3.633517771959304810e-02,3.513960540294647217e-01,-5.227719992399215698e-02,2.142994850873947144e-01,3.260251134634017944e-02,-4.330246150493621826e-02,2.031541615724563599e-01,4.872859641909599304e-02,2.711411714553833008e-01,-2.164534479379653931e-01,8.518309593200683594e-01,-1.716092461720108986e-03,7.734648883342742920e-02,5.970364436507225037e-02,-1.333266794681549072e-01,-2.080954462289810181e-01,6.569907665252685547e-01,1.033946752548217773e+00,-1.304174065589904785e-01,7.051246613264083862e-02,-7.794628292322158813e-02
8.044503629207611084e-03,1.268848311156034470e-02,7.824450731277465820e-01,9.985340833663940430e-01,-3.095969185233116150e-02,-1.507489383220672607e-02,-4.031177982687950134e-02,-2.852252125740051270e-02,3.941068798303604126e-02,1.241249442100524902e-01,3.092146813869476318e-01,-2.881345450878143311e-01,6.637147068977355957e-02,-1.444987058639526367e-01,-1.323236525058746338e-01,-8.329647034406661987e-02,3.823629319667816162e-01,-3.845056518912315369e-02,2.150609940290451050e-01,3.302177041769027710e-02,-3.870025277137756348e-02,2.058127224445343018e-01,5.429676547646522522e-02,2.804470062255859375e-01,-2.123181521892547607e-01,8.495598435401916504e-01,5.170117598026990891e-03,7.685565203428268433e-02,5.940067768096923828e-02,-1.422674953937530518e-01,-2.032331079244613647e-01,6.508740782737731934e-01,1.034047842025756836e+00,-1.361269205808639526e-01,7.556598633527755737e-02,-8.037192374467849731e-02
7.191822398453950882e-03,1.624530926346778870e-02,7.836381196975708008e-01,9.982895255088806152e-01,-3.721881285309791565e-02,-1.562884449958801270e-02,-4.191128909587860107e-02,-3.037190437316894531e-02,4.896591976284980774e-02,1.236333027482032776e-01,3.130148053169250488e-01,-2.887943089008331299e-01,7.074723392724990845e-02,-1.633907556533813477e-01,-1.382207870483398438e-01,-1.436806768178939819e-01,4.276273548603057861e-01,-3.060059808194637299e-02,2.117583155632019043e-01,3.411962836980819702e-02,-3.339094296097755432e-02,2.114789187908172607e-01,5.570767074823379517e-02,2.890591323375701904e-01,-2.080857902765274048e-01,8.509463667869567871e-01,9.880864061415195465e-03,7.782679051160812378e-02,6.202658638358116150e-02,-1.531923860311508179e-01,-1.990506500005722046e-01,6.430289149284362793e-01,1.033913850784301758e+00,-1.412970274686813354e-01,7.863438874483108521e-02,-8.418475836515426636e-02
6.509169936180114746e-03,1.949201524257659912e-02,7.848045229911804199e-01,9.979226589202880859e-01,-4.342516884207725525e-02,-1.654820144176483154e-02,-4.414382576942443848e-02,-3.190632164478302002e-02,5.911257117986679077e-02,1.240666210651397705e-01,3.182881176471710205e-01,-2.909850180149078369e-01,7.491485029458999634e-02,-1.846247315406799316e-01,-1.477148681879043579e-01,-2.049236446619033813e-01,4.839698970317840576e-01,-2.642045356333255768e-02,2.057505398988723755e-01,3.465261310338973999e-02,-2.823451161384582520e-02,2.190432101488113403e-01,5.566995963454246521e-02,2.958021163940429688e-01,-2.043373882770538330e-01,8.562244772911071777e-01,1.751668937504291534e-02,8.011878281831741333e-02,6.521705538034439087e-02,-1.653901636600494385e-01,-1.964456886053085327e-01,6.346348524093627930e-01,1.031489372253417969e+00,-1.429975479841232300e-01,8.035781979560852051e-02,-9.098412096500396729e-02
5.825706757605075836e-03,2.272213995456695557e-02,7.857537865638732910e-01,9.975556135177612305e-01,-4.972787573933601379e-02,-1.780857704579830170e-02,-4.717341437935829163e-02,-3.312515467405319214e-02,7.082054764032363892e-02,1.271406412124633789e-01,3.264202177524566650e-01,-2.949880063533782959e-01,7.794225960969924927e-02,-2.112601399421691895e-01,-1.558207720518112183e-01,-2.496394068002700806e-01,5.501275062561035156e-01,-1.384364161640405655e-02,2.013412564992904663e-01,3.524699062108993530e-02,-2.267831750214099884e-02,2.282022535800933838e-01,5.461978167295455933e-02,3.004627227783203125e-01,-2.017609924077987671e-01,8.655544519424438477e-01,2.881761454045772552e-02,8.290278911590576172e-02,6.918813288211822510e-02,-1.782739758491516113e-01,-1.960421949625015259e-01,6.264728903770446777e-01,1.026222467422485352e+00,-1.400700509548187256e-01,8.131568878889083862e-02,-1.019148826599121094e-01
5.352551117539405823e-03,2.568897604942321777e-02,7.865430712699890137e-01,9.970048069953918457e-01,-5.570885166525840759e-02,-1.991897448897361755e-02,-5.048997327685356140e-02,-3.214219585061073303e-02,8.181837201118469238e-02,1.295537352561950684e-01,3.342224657535552979e-01,-3.001265227794647217e-01,8.093045651912689209e-02,-2.439172267913818359e-01,-1.619379073381423950e-01,-2.705905139446258545e-01,6.243435740470886230e-01,9.470236487686634064e-03,2.048645764589309692e-01,3.427432850003242493e-02,-1.765141636133193970e-02,2.387727499008178711e-01,5.243609100580215454e-02,3.017767071723937988e-01,-2.027003765106201172e-01,8.796579241752624512e-01,3.573798015713691711e-02,8.846195787191390991e-02,7.452767342329025269e-02,-1.875613182783126831e-01,-1.969321817159652710e-01,6.215168833732604980e-01,1.020678997039794922e+00,-1.295037865638732910e-01,7.584843784570693970e-02,-1.166706830263137817e-01
4.813862033188343048e-03,2.840333618223667145e-02,7.870861887931823730e-01,9.963924288749694824e-01,-6.160836666822433472e-02,-2.187610045075416565e-02,-5.384415015578269958e-02,-3.150418773293495178e-02,9.294080734252929688e-02,1.344655305147171021e-01,3.432875275611877441e-01,-3.069658279418945312e-01,8.307426422834396362e-02,-2.762438952922821045e-01,-1.575021743774414062e-01,-2.639149725437164307e-01,6.819322109222412109e-01,3.345040604472160339e-02,2.070163637399673462e-01,3.125244751572608948e-02,-1.152784004807472229e-02,2.454972565174102783e-01,5.413073673844337463e-02,2.997590303421020508e-01,-2.059647142887115479e-01,8.967761993408203125e-01,4.941770434379577637e-02,9.269114583730697632e-02,7.451737672090530396e-02,-1.968378126621246338e-01,-1.970396488904953003e-01,6.175311803817749023e-01,1.014218330383300781e+00,-1.266673654317855835e-01,7.628806680440902710e-02,-1.276189386844635010e-01
4.504171665757894516e-03,3.058504313230514526e-02,7.878611683845520020e-01,9.958409667015075684e-01,-6.744971871376037598e-02,-2.348175644874572754e-02,-5.638685822486877441e-02,-3.185273334383964539e-02,1.040953248739242554e-01,1.402580291032791138e-01,3.504560291767120361e-01,-3.108172118663787842e-01,8.499071747064590454e-02,-2.959012687206268311e-01,-1.517897993326187134e-01,-2.641283869743347168e-01,7.073150873184204102e-01,4.302618280053138733e-02,2.088133990764617920e-01,3.054606914520263672e-02,-5.504811648279428482e-03,2.510487139225006104e-01,5.142531916499137878e-02,2.977518737316131592e-01,-2.137847244739532471e-01,9.122708439826965332e-01,5.761298164725303650e-02,9.747508168220520020e-02,7.246021181344985962e-02,-2.000044733285903931e-01,-1.977001130580902100e-01,6.107168793678283691e-01,1.008795499801635742e+00,-1.225322037935256958e-01,7.816021144390106201e-02,-1.363445967435836792e-01
4.593441262841224670e-03,3.261873126029968262e-02,7.883719205856323242e-01,9.954118132591247559e-01,-7.247608900070190430e-02,-2.469521574676036835e-02,-5.728492885828018188e-02,-3.242898359894752502e-02,1.134243607521057129e-01,1.405450552701950073e-01,3.562399744987487793e-01,-3.157353997230529785e-01,8.612995594739913940e-02,-3.036965727806091309e-01,-1.478099375963211060e-01,-2.710079848766326904e-01,7.063766121864318848e-01,5.832307785749435425e-02,2.109464854001998901e-01,2.752445638179779053e-02,-7.416894077323377132e-04,2.538349628448486328e-01,5.045898631215095520e-02,2.945032119750976562e-01,-2.227197289466857910e-01,9.279519915580749512e-01,6.733475625514984131e-02,1.007674932479858398e-01,6.782446801662445068e-02,-1.993083506822586060e-01,-1.976156532764434814e-01,6.065738797187805176e-01,1.009138345718383789e+00,-1.193902865052223206e-01,8.025510609149932861e-02,-1.388608366250991821e-01
5.297109019011259079e-03,3.424605354666709900e-02,7.889324426651000977e-01,9.950438737869262695e-01,-7.728734612464904785e-02,-2.551709115505218506e-02,-5.742878839373588562e-02,-3.308178484439849854e-02,1.219724044203758240e-01,1.396397203207015991e-01,3.624223470687866211e-01,-3.195542097091674805e-01,8.660816401243209839e-02,-3.044332563877105713e-01,-1.433825343847274780e-01,-2.790597975254058838e-01,6.813184618949890137e-01,8.228541910648345947e-02,2.133557051420211792e-01,2.414063550531864166e-02,4.590812139213085175e-03,2.548030018806457520e-01,4.952439665794372559e-02,2.910651266574859619e-01,-2.318594604730606079e-01,9.419339299201965332e-01,7.894685864448547363e-02,1.040226891636848450e-01,6.148496642708778381e-02,-1.961888968944549561e-01,-1.960690468549728394e-01,6.020421385765075684e-01,1.015549898147583008e+00,-1.155909597873687744e-01,8.349405974149703979e-02,-1.378148198127746582e-01
6.058080121874809265e-03,3.585080057382583618e-02,7.893407344818115234e-01,9.946757555007934570e-01,-8.167263865470886230e-02,-2.633957937359809875e-02,-5.692846700549125671e-02,-3.340601176023483276e-02,1.298697143793106079e-01,1.381968408823013306e-01,3.689180612564086914e-01,-3.231773972511291504e-01,8.656755089759826660e-02,-2.985372245311737061e-01,-1.366138160228729248e-01,-2.842724621295928955e-01,6.346262097358703613e-01,1.206621229648590088e-01,2.159638702869415283e-01,2.114787511527538300e-02,9.847020730376243591e-03,2.543578743934631348e-01,4.841327294707298279e-02,2.880838215351104736e-01,-2.419015765190124512e-01,9.515613317489624023e-01,9.051401168107986450e-02,1.071939244866371155e-01,5.515045672655105591e-02,-1.913566887378692627e-01,-1.938327401876449585e-01,5.961495041847229004e-01,1.026228070259094238e+00,-1.124611794948577881e-01,8.698122203350067139e-02,-1.328531652688980103e-01
6.806545890867710114e-03,3.741544485092163086e-02,7.894835472106933594e-01,9.944303035736083984e-01,-8.509922027587890625e-02,-2.725139074027538300e-02,-5.560756847262382507e-02,-3.317713364958763123e-02,1.351419687271118164e-01,1.358305513858795166e-01,3.751413822174072266e-01,-3.262582123279571533e-01,8.611116558313369751e-02,-2.867178320884704590e-01,-1.262214034795761108e-01,-2.796775102615356445e-01,5.672366023063659668e-01,1.687502115964889526e-01,2.205237895250320435e-01,1.783742755651473999e-02,1.420103199779987335e-02,2.534635961055755615e-01,4.851392284035682678e-02,2.872077822685241699e-01,-2.519384324550628662e-01,9.529821872711181641e-01,1.008533760905265808e-01,1.080125644803047180e-01,4.998073726892471313e-02,-1.844574511051177979e-01,-1.905943304300308228e-01,5.897023081779479980e-01,1.037265300750732422e+00,-1.100707054138183594e-01,9.075069427490234375e-02,-1.252880096435546875e-01
7.459627930074930191e-03,3.855838999152183533e-02,7.891172170639038086e-01,9.943689107894897461e-01,-8.703797310590744019e-02,-2.831956557929515839e-02,-5.373888835310935974e-02,-3.201358020305633545e-02,1.366451978683471680e-01,1.340274810791015625e-01,3.814357221126556396e-01,-3.305113613605499268e-01,8.634173870086669922e-02,-2.668707370758056641e-01,-1.138107553124427795e-01,-2.622475922107696533e-01,4.756937623023986816e-01,2.229699939489364624e-01,2.310198396444320679e-01,1.590237021446228027e-02,1.617158204317092896e-02,2.516521215438842773e-01,4.871718585491180420e-02,2.899358868598937988e-01,-2.638839483261108398e-01,9.462854862213134766e-01,1.097829863429069519e-01,1.046614274382591248e-01,4.727663099765777588e-02,-1.768056899309158325e-01,-1.872479468584060669e-01,5.821480751037597656e-01,1.047700166702270508e+00,-1.080198362469673157e-01,9.377532452344894409e-02,-1.193650290369987488e-01
8.498331531882286072e-03,3.983833268284797668e-02,7.882997989654541016e-01,9.943075180053710938e-01,-8.762649446725845337e-02,-2.939554490149021149e-02,-5.236105248332023621e-02,-3.044019266963005066e-02,1.357880532741546631e-01,1.328143477439880371e-01,3.874495923519134521e-01,-3.343996703624725342e-01,8.654320240020751953e-02,-2.424602657556533813e-01,-1.050485894083976746e-01,-2.410748600959777832e-01,3.739832639694213867e-01,2.768402993679046631e-01,2.376112937927246094e-01,1.583111844956874847e-02,1.603822037577629089e-02,2.488590478897094727e-01,4.937484487891197205e-02,2.956167459487915039e-01,-2.746706306934356689e-01,9.359266757965087891e-01,1.131945103406906128e-01,9.751419723033905029e-02,4.911792278289794922e-02,-1.684840917587280273e-01,-1.849457770586013794e-01,5.746189951896667480e-01,1.057850241661071777e+00,-1.046326905488967896e-01,9.587530791759490967e-02,-1.154132410883903503e-01
9.228407405316829681e-03,4.098210856318473816e-02,7.871206998825073242e-01,9.943689107894897461e-01,-8.722211420536041260e-02,-3.053694590926170349e-02,-5.185142904520034790e-02,-2.857485413551330566e-02,1.321963667869567871e-01,1.335740238428115845e-01,3.931384086608886719e-01,-3.374544978141784668e-01,8.709828555583953857e-02,-2.233581840991973877e-01,-1.017628833651542664e-01,-2.164951264858245850e-01,2.887591719627380371e-01,3.292136490345001221e-01,2.420060336589813232e-01,1.790170371532440186e-02,1.391148660331964493e-02,2.459134161472320557e-01,5.006937310099601746e-02,3.029261231422424316e-01,-2.837173342704772949e-01,9.279613494873046875e-01,1.088283732533454895e-01,9.000340104103088379e-02,5.437617003917694092e-02,-1.600185483694076538e-01,-1.831716150045394897e-01,5.697947740554809570e-01,1.068458080291748047e+00,-9.926439821720123291e-02,9.728033840656280518e-02,-1.136532574892044067e-01
9.538882412016391754e-03,4.174659028649330139e-02,7.856608033180236816e-01,9.944916367530822754e-01,-8.490985631942749023e-02,-3.218258172273635864e-02,-5.225929990410804749e-02,-2.472860366106033325e-02,1.242988184094429016e-01,1.369903981685638428e-01,3.959262371063232422e-01,-3.393551707267761230e-01,8.795256167650222778e-02,-2.249019891023635864e-01,-1.035263612866401672e-01,-1.776344776153564453e-01,2.569830119609832764e-01,3.590780794620513916e-01,2.466963678598403931e-01,2.061466127634048462e-02,8.442290127277374268e-03,2.450638413429260254e-01,5.042100697755813599e-02,3.108574151992797852e-01,-2.900103032588958740e-01,9.256193041801452637e-01,1.017954871058464050e-01,8.430187404155731201e-02,5.852694436907768250e-02,-1.524341255426406860e-01,-1.834164261817932129e-01,5.687120556831359863e-01,1.078092813491821289e+00,-9.302169084548950195e-02,1.002080589532852173e-01,-1.119326427578926086e-01
9.490105323493480682e-03,4.258704930543899536e-02,7.843158245086669922e-01,9.947984814643859863e-01,-8.028209209442138672e-02,-3.419734910130500793e-02,-5.261130630970001221e-02,-1.844851672649383545e-02,1.111345514655113220e-01,1.416523456573486328e-01,3.939875662326812744e-01,-3.402482867240905762e-01,8.911490440368652344e-02,-2.363780736923217773e-01,-1.150234490633010864e-01,-1.573437005281448364e-01,2.717673480510711670e-01,3.488836586475372314e-01,2.504259645938873291e-01,2.242016606032848358e-02,-2.201964380219578743e-03,2.466768622398376465e-01,4.935367777943611145e-02,3.204005360603332520e-01,-2.950887978076934814e-01,9.288900494575500488e-01,9.399117529392242432e-02,8.152134716510772705e-02,6.220015510916709900e-02,-1.468643993139266968e-01,-1.841751337051391602e-01,5.664006471633911133e-01,1.083225488662719727e+00,-9.099067747592926025e-02,1.049686297774314880e-01,-1.088674888014793396e-01
8.787605911493301392e-03,4.325078427791595459e-02,7.839318513870239258e-01,9.949212074279785156e-01,-7.735821604728698730e-02,-3.588783368468284607e-02,-5.300356820225715637e-02,-1.483405008912086487e-02,1.026045158505439758e-01,1.428305506706237793e-01,3.938041329383850098e-01,-3.390013575553894043e-01,9.053460508584976196e-02,-2.630789279937744141e-01,-1.380831897258758545e-01,-1.764266937971115112e-01,3.358847498893737793e-01,3.117517828941345215e-01,2.292370796203613281e-01,2.291560545563697815e-02,-1.094868034124374390e-02,2.511944472789764404e-01,4.784876108169555664e-02,3.310008049011230469e-01,-2.957625687122344971e-01,9.369415640830993652e-01,9.167454391717910767e-02,8.263151347637176514e-02,6.449382007122039795e-02,-1.438948959112167358e-01,-1.848584264516830444e-01,5.606390833854675293e-01,1.082945823669433594e+00,-9.070677310228347778e-02,1.092948317527770996e-01,-1.032998487353324890e-01
7.485240232199430466e-03,4.367062076926231384e-02,7.839534878730773926e-01,9.949212074279785156e-01,-7.671407610177993774e-02,-3.728347271680831909e-02,-5.354035273194313049e-02,-1.598080620169639587e-02,9.977183490991592407e-02,1.411981880664825439e-01,3.996797204017639160e-01,-3.387786149978637695e-01,9.352342784404754639e-02,-3.004101216793060303e-01,-1.610867530107498169e-01,-2.000462263822555542e-01,4.203297495841979980e-01,2.855179309844970703e-01,1.908190846443176270e-01,2.114527672529220581e-02,-1.600862108170986176e-02,2.573167979717254639e-01,4.991050437092781067e-02,3.403733372688293457e-01,-2.890808880329132080e-01,9.455035924911499023e-01,9.098795056343078613e-02,8.512444049119949341e-02,6.809943169355392456e-02,-1.434628367424011230e-01,-1.849080473184585571e-01,5.583114624023437500e-01,1.074215888977050781e+00,-9.187206625938415527e-02,1.086543723940849304e-01,-9.921148419380187988e-02
6.527316756546497345e-03,4.414479434490203857e-02,7.836515307426452637e-01,9.948598146438598633e-01,-7.662678509950637817e-02,-3.886554762721061707e-02,-5.372770875692367554e-02,-1.661353930830955505e-02,9.819417446851730347e-02,1.407049447298049927e-01,4.062894582748413086e-01,-3.405427932739257812e-01,9.634164720773696899e-02,-3.269504308700561523e-01,-1.688137948513031006e-01,-1.964297592639923096e-01,4.746452569961547852e-01,2.776354551315307617e-01,1.726326942443847656e-01,1.897766068577766418e-02,-1.965731568634510040e-02,2.627706825733184814e-01,5.514811351895332336e-02,3.475421667098999023e-01,-2.827063500881195068e-01,9.508561491966247559e-01,8.994637429714202881e-02,8.654545247554779053e-02,7.016062736511230469e-02,-1.430796980857849121e-01,-1.869105994701385498e-01,5.602810978889465332e-01,1.060267925262451172e+00,-9.396838396787643433e-02,1.048019975423812866e-01,-9.615153819322586060e-02
5.884659942239522934e-03,4.435251280665397644e-02,7.832616567611694336e-01,9.947371482849121094e-01,-7.672826945781707764e-02,-4.051166772842407227e-02,-5.379569157958030701e-02,-1.550076995044946671e-02,9.727803617715835571e-02,1.406193673610687256e-01,4.112923443317413330e-01,-3.425632119178771973e-01,9.800431877374649048e-02,-3.408308029174804688e-01,-1.645859628915786743e-01,-1.768714189529418945e-01,4.961262643337249756e-01,2.790730893611907959e-01,1.734558045864105225e-01,1.794520020484924316e-02,-2.188966982066631317e-02,2.658851146697998047e-01,6.242780387401580811e-02,3.520393371582031250e-01,-2.774993479251861572e-01,9.558252096176147461e-01,9.076921641826629639e-02,8.803009986877441406e-02,7.018566131591796875e-02,-1.414321362972259521e-01,-1.889140307903289795e-01,5.659124851226806641e-01,1.045092821121215820e+00,-9.787210077047348022e-02,1.010877713561058044e-01,-9.325368702411651611e-02
5.618958733975887299e-03,4.475329071283340454e-02,7.829013466835021973e-01,9.947371482849121094e-01,-7.663623243570327759e-02,-4.195358231663703918e-02,-5.371899530291557312e-02,-1.391457393765449524e-02,9.593729674816131592e-02,1.414839625358581543e-01,4.142188429832458496e-01,-3.438549041748046875e-01,9.910935163497924805e-02,-3.483233153820037842e-01,-1.568979024887084961e-01,-1.539289206266403198e-01,5.036196708679199219e-01,2.784758508205413818e-01,1.794961243867874146e-01,1.823256351053714752e-02,-2.380755171179771423e-02,2.678289413452148438e-01,7.070742547512054443e-02,3.546676933765411377e-01,-2.729814052581787109e-01,9.573919177055358887e-01,9.379788488149642944e-02,8.904035389423370361e-02,6.885377317667007446e-02,-1.411079317331314087e-01,-1.909103393554687500e-01,5.714823007583618164e-01,1.031724214553833008e+00,-1.033451110124588013e-01,9.866028279066085815e-02,-9.145490080118179321e-02
5.175522062927484512e-03,4.487410932779312134e-02,7.827187776565551758e-01,9.946144223213195801e-01,-7.664569467306137085e-02,-4.320141300559043884e-02,-5.383301153779029846e-02,-1.208289898931980133e-02,9.476246684789657593e-02,1.418286710977554321e-01,4.159553647041320801e-01,-3.446560800075531006e-01,1.000161767005920410e-01,-3.534812927246093750e-01,-1.486520022153854370e-01,-1.318086534738540649e-01,5.072926878929138184e-01,2.819620370864868164e-01,1.855820417404174805e-01,1.952048949897289276e-02,-2.439492754638195038e-02,2.691961228847503662e-01,7.918952405452728271e-02,3.546731472015380859e-01,-2.663661837577819824e-01,9.589600563049316406e-01,9.617784619331359863e-02,8.965602517127990723e-02,6.775633990764617920e-02,-1.423030942678451538e-01,-1.927420347929000854e-01,5.771775841712951660e-01,1.022539019584655762e+00,-1.092192530632019043e-01,9.722936898469924927e-02,-9.087862074375152588e-02
4.990338347852230072e-03,4.522309079766273499e-02,7.826172709465026855e-01,9.946144223213195801e-01,-7.676842063665390015e-02,-4.419860616326332092e-02,-5.349550023674964905e-02,-1.125781610608100891e-02,9.392556548118591309e-02,1.411878019571304321e-01,4.169331192970275879e-01,-3.447171151638031006e-01,1.010251864790916443e-01,-3.591308891773223877e-01,-1.420571208000183105e-01,-1.153231039643287659e-01,5.131745934486389160e-01,2.843204140663146973e-01,1.877741217613220215e-01,2.123501710593700409e-02,-2.409308589994907379e-02,2.706487774848937988e-01,8.730468899011611938e-02,3.525836169719696045e-01,-2.595401704311370850e-01,9.588322639465332031e-01,9.869705885648727417e-02,8.945444226264953613e-02,6.627362966537475586e-02,-1.452184915542602539e-01,-1.943231821060180664e-01,5.825803279876708984e-01,1.016057610511779785e+00,-1.139128729701042175e-01,9.624851495027542114e-02,-9.140122681856155396e-02
4.669627640396356583e-03,4.563926905393600464e-02,7.826526761054992676e-01,9.945530295372009277e-01,-7.708001136779785156e-02,-4.487639665603637695e-02,-5.286976695060729980e-02,-1.134254597127437592e-02,9.359022974967956543e-02,1.402893215417861938e-01,4.180327951908111572e-01,-3.445017039775848389e-01,1.018284782767295837e-01,-3.647835552692413330e-01,-1.347779184579849243e-01,-9.997446835041046143e-02,5.181904435157775879e-01,2.882835566997528076e-01,1.910400688648223877e-01,2.275052666664123535e-02,-2.236519567668437958e-02,2.717531919479370117e-01,9.386219084262847900e-02,3.483372032642364502e-01,-2.525213956832885742e-01,9.585115909576416016e-01,1.003153100609779358e-01,8.937447518110275269e-02,6.527065485715866089e-02,-1.493214517831802368e-01,-1.954188048839569092e-01,5.869660973548889160e-01,1.012595415115356445e+00,-1.165082901716232300e-01,9.626390784978866577e-02,-9.343067556619644165e-02
4.367437213659286499e-03,4.598088562488555908e-02,7.827932834625244141e-01,9.946757555007934570e-01,-7.728526741266250610e-02,-4.540777951478958130e-02,-5.175872892141342163e-02,-1.200674567371606827e-02,9.288977831602096558e-02,1.392012685537338257e-01,4.181793630123138428e-01,-3.436468541622161865e-01,1.029361113905906677e-01,-3.682423233985900879e-01,-1.256860196590423584e-01,-8.282985538244247437e-02,5.167989730834960938e-01,2.917898595333099365e-01,1.979284733533859253e-01,2.426730841398239136e-02,-2.033497579395771027e-02,2.723523676395416260e-01,9.774309396743774414e-02,3.436132073402404785e-01,-2.467703223228454590e-01,9.570641517639160156e-01,1.002465263009071350e-01,8.913854509592056274e-02,6.456572562456130981e-02,-1.537178754806518555e-01,-1.964389234781265259e-01,5.894871950149536133e-01,1.010241508483886719e+00,-1.173947602510452271e-01,9.726721793413162231e-02,-9.501510113477706909e-02
4.152297973632812500e-03,4.631545394659042358e-02,7.830077409744262695e-01,9.946757555007934570e-01,-7.737730443477630615e-02,-4.572992771863937378e-02,-5.025536566972732544e-02,-1.262828428298234940e-02,9.154393523931503296e-02,1.371270567178726196e-01,4.185571670532226562e-01,-3.425912261009216309e-01,1.040120646357536316e-01,-3.704237043857574463e-01,-1.182597130537033081e-01,-6.995199620723724365e-02,5.128145813941955566e-01,2.954527437686920166e-01,2.026751488447189331e-01,2.508196048438549042e-02,-1.819965243339538574e-02,2.728066146373748779e-01,9.999663382768630981e-02,3.383233249187469482e-01,-2.413737624883651733e-01,9.556977748870849609e-01,9.899672120809555054e-02,8.886425197124481201e-02,6.425745040178298950e-02,-1.584456562995910645e-01,-1.970758736133575439e-01,5.918608307838439941e-01,1.009328126907348633e+00,-1.174335852265357971e-01,9.770896285772323608e-02,-9.575347602367401123e-02
3.806833876296877861e-03,4.675796627998352051e-02,7.832874059677124023e-01,9.947984814643859863e-01,-7.742911577224731445e-02,-4.583165422081947327e-02,-4.840853437781333923e-02,-1.384512148797512054e-02,9.024202823638916016e-02,1.347339302301406860e-01,4.172853827476501465e-01,-3.402891159057617188e-01,1.048209369182586670e-01,-3.719384372234344482e-01,-1.126495450735092163e-01,-6.108187511563301086e-02,5.054125189781188965e-01,2.987844944000244141e-01,2.065207809209823608e-01,2.496777102351188660e-02,-1.584501191973686218e-02,2.727222144603729248e-01,1.000236645340919495e-01,3.331027328968048096e-01,-2.361982315778732300e-01,9.539951682090759277e-01,9.687727689743041992e-02,8.923681080341339111e-02,6.407599896192550659e-02,-1.633197069168090820e-01,-1.976331770420074463e-01,5.940063595771789551e-01,1.009539604187011719e+00,-1.167878657579421997e-01,9.783399850130081177e-02,-9.654800593852996826e-02
3.453245619311928749e-03,4.693649709224700928e-02,7.834948301315307617e-01,9.949212074279785156e-01,-7.702080905437469482e-02,-4.587201401591300964e-02,-4.599470645189285278e-02,-1.437693275511264801e-02,8.789354562759399414e-02,1.321099102497100830e-01,4.151646494865417480e-01,-3.375141918659210205e-01,1.057112216949462891e-01,-3.726063072681427002e-01,-1.062818095088005066e-01,-4.949789494276046753e-02,4.947963953018188477e-01,3.044971823692321777e-01,2.121157497167587280e-01,2.416458353400230408e-02,-1.389169320464134216e-02,2.727051675319671631e-01,9.758650511503219604e-02,3.280811011791229248e-01,-2.310391664505004883e-01,9.513558745384216309e-01,9.503490477800369263e-02,8.954901248216629028e-02,6.358536332845687866e-02,-1.672650724649429321e-01,-1.976040303707122803e-01,5.955408811569213867e-01,1.008978128433227539e+00,-1.171469241380691528e-01,9.779541939496994019e-02,-9.751015901565551758e-02
2.824752824380993843e-03,4.705985635519027710e-02,7.837222218513488770e-01,9.950438737869262695e-01,-7.648993283510208130e-02,-4.594303295016288757e-02,-4.352013394236564636e-02,-1.487992517650127411e-02,8.526986837387084961e-02,1.295863538980484009e-01,4.126171171665191650e-01,-3.348886966705322266e-01,1.064441353082656860e-01,-3.734294772148132324e-01,-9.908191114664077759e-02,-3.561297431588172913e-02,4.829737246036529541e-01,3.110589981079101562e-01,2.197428941726684570e-01,2.352579869329929352e-02,-1.217931695282459259e-02,2.727528512477874756e-01,9.389197826385498047e-02,3.245473504066467285e-01,-2.258943468332290649e-01,9.469172358512878418e-01,9.496967494487762451e-02,9.014462679624557495e-02,6.234794482588768005e-02,-1.706905066967010498e-01,-1.977445930242538452e-01,5.973572731018066406e-01,1.007817625999450684e+00,-1.171069294214248657e-01,9.733510017395019531e-02,-9.835905581712722778e-02
2.512211678549647331e-03,4.697982966899871826e-02,7.837732434272766113e-01,9.951665401458740234e-01,-7.595918327569961548e-02,-4.627469182014465332e-02,-4.132216423749923706e-02,-1.495901681482791901e-02,8.273293077945709229e-02,1.270620375871658325e-01,4.111616611480712891e-01,-3.332569897174835205e-01,1.070778146386146545e-01,-3.742386698722839355e-01,-9.390269219875335693e-02,-2.549050375819206238e-02,4.752689301967620850e-01,3.187811076641082764e-01,2.253315597772598267e-01,2.254214324057102203e-02,-1.086500100791454315e-02,2.730422019958496094e-01,8.967840671539306641e-02,3.215589523315429688e-01,-2.218182235956192017e-01,9.410060644149780273e-01,9.555328637361526489e-02,9.013053029775619507e-02,6.140084937214851379e-02,-1.732179224491119385e-01,-1.982987970113754272e-01,5.982245802879333496e-01,1.005393028259277344e+00,-1.165678054094314575e-01,9.676989912986755371e-02,-9.933311492204666138e-02
1.867631217464804649e-03,4.708699882030487061e-02,7.837163209915161133e-01,9.952892065048217773e-01,-7.561254501342773438e-02,-4.685156792402267456e-02,-3.906341269612312317e-02,-1.527257170528173447e-02,8.053750544786453247e-02,1.242810860276222229e-01,4.108325242996215820e-01,-3.327389061450958252e-01,1.073587238788604736e-01,-3.738560378551483154e-01,-8.898586779832839966e-02,-1.599412783980369568e-02,4.653563201427459717e-01,3.261538743972778320e-01,2.302308082580566406e-01,2.116321399807929993e-02,-9.336913004517555237e-03,2.733912169933319092e-01,8.580272644758224487e-02,3.195542693138122559e-01,-2.197456061840057373e-01,9.352024197578430176e-01,9.705932438373565674e-02,9.080008417367935181e-02,6.030486151576042175e-02,-1.751624047756195068e-01,-1.993399560451507568e-01,5.969823598861694336e-01,1.002487897872924805e+00,-1.142324358224868774e-01,9.650497883558273315e-02,-1.014358177781105042e-01
1.505261054262518883e-03,4.694367200136184692e-02,7.835574150085449219e-01,9.952892065048217773e-01,-7.545923441648483276e-02,-4.766410961747169495e-02,-3.739233314990997314e-02,-1.507715974003076553e-02,7.929379492998123169e-02,1.222806051373481750e-01,4.125392436981201172e-01,-3.337055742740631104e-01,1.074692085385322571e-01,-3.770756721496582031e-01,-8.607895672321319580e-02,-1.089137699455022812e-02,4.643975198268890381e-01,3.325406908988952637e-01,2.299856543540954590e-01,1.961730793118476868e-02,-7.221715990453958511e-03,2.739323079586029053e-01,8.201326429843902588e-02,3.177335262298583984e-01,-2.182810455560684204e-01,9.293896555900573730e-01,9.852273762226104736e-02,9.092354029417037964e-02,5.838718637824058533e-02,-1.760002821683883667e-01,-2.002735733985900879e-01,5.963698625564575195e-01,9.990363121032714844e-01,-1.093804091215133667e-01,9.644632041454315186e-02,-1.036035716533660889e-01
1.194658689200878143e-03,4.717264324426651001e-02,7.832996249198913574e-01,9.952892065048217773e-01,-7.530592381954193115e-02,-4.896724596619606018e-02,-3.593588992953300476e-02,-1.380089111626148224e-02,7.789196074008941650e-02,1.213227733969688416e-01,4.148069024085998535e-01,-3.359072208404541016e-01,1.071110367774963379e-01,-3.786058723926544189e-01,-8.527396619319915771e-02,-9.844113141298294067e-03,4.642790853977203369e-01,3.309529125690460205e-01,2.285257875919342041e-01,1.796821318566799164e-02,-5.494906101375818253e-03,2.744704484939575195e-01,7.938808202743530273e-02,3.162525594234466553e-01,-2.191251367330551147e-01,9.237396717071533203e-01,1.013982146978378296e-01,9.187425673007965088e-02,5.630033835768699646e-02,-1.753407567739486694e-01,-2.014989554882049561e-01,5.958821177482604980e-01,9.946278333663940430e-01,-1.060899123549461365e-01,9.639596194028854370e-02,-1.053665950894355774e-01
1.006343751214444637e-03,4.703400284051895142e-02,7.829760909080505371e-01,9.952892065048217773e-01,-7.561254501342773438e-02,-5.051567777991294861e-02,-3.490871191024780273e-02,-1.240112818777561188e-02,7.811303436756134033e-02,1.206283718347549438e-01,4.193814694881439209e-01,-3.395622372627258301e-01,1.067068576812744141e-01,-3.815331459045410156e-01,-8.388013392686843872e-02,-9.678950533270835876e-03,4.657795131206512451e-01,3.330606222152709961e-01,2.268112003803253174e-01,1.589534804224967957e-02,-2.706308383494615555e-03,2.745033502578735352e-01,7.801099866628646851e-02,3.151550590991973877e-01,-2.198643535375595093e-01,9.178781509399414062e-01,1.039134040474891663e-01,9.312006086111068726e-02,5.356783419847488403e-02,-1.731821298599243164e-01,-2.035142779350280762e-01,5.942230820655822754e-01,9.900290966033935547e-01,-1.048136726021766663e-01,9.696149080991744995e-02,-1.070161536335945129e-01
8.102759020403027534e-04,4.708619415760040283e-02,7.826325893402099609e-01,9.951665401458740234e-01,-7.602051645517349243e-02,-5.211652815341949463e-02,-3.425369784235954285e-02,-1.078063435852527618e-02,7.842042297124862671e-02,1.199182048439979553e-01,4.242493510246276855e-01,-3.432344198226928711e-01,1.070357039570808411e-01,-3.863266110420227051e-01,-8.132079988718032837e-02,-8.959150873124599457e-03,4.692542850971221924e-01,3.376145660877227783e-01,2.259411811828613281e-01,1.284866128116846085e-02,-2.749778559518745169e-06,2.743929028511047363e-01,7.663648575544357300e-02,3.137698769569396973e-01,-2.219883203506469727e-01,9.130607247352600098e-01,1.063635498285293579e-01,9.452425688505172729e-02,4.977521300315856934e-02,-1.704945266246795654e-01,-2.049705833196640015e-01,5.928682088851928711e-01,9.861469864845275879e-01,-1.045415177941322327e-01,9.781190007925033569e-02,-1.081733852624893188e-01
7.468130206689238548e-04,4.728583991527557373e-02,7.823513746261596680e-01,9.949825406074523926e-01,-7.692404836416244507e-02,-5.375175178050994873e-02,-3.391497954726219177e-02,-9.445831179618835449e-03,7.979062944650650024e-02,1.190934479236602783e-01,4.297934770584106445e-01,-3.473677039146423340e-01,1.067757457494735718e-01,-3.916227221488952637e-01,-7.913751155138015747e-02,-1.041166577488183975e-02,4.719069004058837891e-01,3.472483456134796143e-01,2.266037315130233765e-01,1.003258489072322845e-02,3.631687723100185394e-03,2.738553285598754883e-01,7.480985671281814575e-02,3.128461837768554688e-01,-2.239252924919128418e-01,9.086990356445312500e-01,1.091970875859260559e-01,9.517168998718261719e-02,4.456989839673042297e-02,-1.676599681377410889e-01,-2.058267146348953247e-01,5.903103351593017578e-01,9.841517210006713867e-01,-1.061479896306991577e-01,9.828813374042510986e-02,-1.077049672603607178e-01
8.229940431192517281e-04,4.705232381820678711e-02,7.821216583251953125e-01,9.947984814643859863e-01,-7.807333767414093018e-02,-5.537224933505058289e-02,-3.353779017925262451e-02,-8.805339224636554718e-03,8.217819780111312866e-02,1.184917539358139038e-01,4.363344609737396240e-01,-3.507403433322906494e-01,1.060815751552581787e-01,-3.972448408603668213e-01,-7.717808336019515991e-02,-1.383656170219182968e-02,4.715895354747772217e-01,3.615920543670654297e-01,2.296566814184188843e-01,7.582371123135089874e-03,7.352539803832769394e-03,2.733665704727172852e-01,7.241399586200714111e-02,3.125956058502197266e-01,-2.265726178884506226e-01,9.058852195739746094e-01,1.122364252805709839e-01,9.669328480958938599e-02,3.971671313047409058e-02,-1.641056537628173828e-01,-2.063753753900527954e-01,5.883162021636962891e-01,9.830481410026550293e-01,-1.077554225921630859e-01,9.959772974252700806e-02,-1.082520782947540283e-01
7.058429764583706856e-04,4.724792391061782837e-02,7.820376753807067871e-01,9.946144223213195801e-01,-7.956056296825408936e-02,-5.690129473805427551e-02,-3.349797055125236511e-02,-7.853092625737190247e-03,8.594653755426406860e-02,1.173748299479484558e-01,4.424558281898498535e-01,-3.547520339488983154e-01,1.045362651348114014e-01,-4.045326113700866699e-01,-7.709527015686035156e-02,-2.013402804732322693e-02,4.757855832576751709e-01,3.718766570091247559e-01,2.282357960939407349e-01,5.180286243557929993e-03,1.179552637040615082e-02,2.731080651283264160e-01,7.002018392086029053e-02,3.128436505794525146e-01,-2.283113002777099609e-01,9.044750928878784180e-01,1.156241223216056824e-01,9.704339504241943359e-02,3.457549959421157837e-02,-1.611332893371582031e-01,-2.061190009117126465e-01,5.865123271942138672e-01,9.842710494995117188e-01,-1.098158210515975952e-01,1.007207483053207397e-01,-1.069367900490760803e-01
6.736550712957978249e-04,4.709261655807495117e-02,7.819222807884216309e-01,9.944303035736083984e-01,-8.101765066385269165e-02,-5.849228799343109131e-02,-3.312823921442031860e-02,-7.130974903702735901e-03,8.942459523677825928e-02,1.161172688007354736e-01,4.487959146499633789e-01,-3.589166700839996338e-01,1.031359136104583740e-01,-4.119271636009216309e-01,-7.623634487390518188e-02,-2.244679629802703857e-02,4.812207520008087158e-01,3.804679811000823975e-01,2.272121906280517578e-01,2.712648827582597733e-03,1.606936194002628326e-02,2.732572853565216064e-01,6.793516874313354492e-02,3.142337203025817871e-01,-2.291925996541976929e-01,9.029563665390014648e-01,1.187257021665573120e-01,9.879601746797561646e-02,3.084264509379863739e-02,-1.586047857999801636e-01,-2.050064951181411743e-01,5.846335291862487793e-01,9.852981567382812500e-01,-1.126048564910888672e-01,1.028534397482872009e-01,-1.058439612388610840e-01
6.172488210722804070e-04,4.700353369116783142e-02,7.817597985267639160e-01,9.943075180053710938e-01,-8.231673389673233032e-02,-5.991135537624359131e-02,-3.254917636513710022e-02,-6.262972019612789154e-03,9.244306385517120361e-02,1.144586876034736633e-01,4.546089768409729004e-01,-3.631080090999603271e-01,1.018857657909393311e-01,-4.187276363372802734e-01,-7.707435637712478638e-02,-2.324021421372890472e-02,4.857935607433319092e-01,3.867502212524414062e-01,2.245169579982757568e-01,3.842843289021402597e-04,2.022779360413551331e-02,2.728265821933746338e-01,6.647668033838272095e-02,3.156783282756805420e-01,-2.285994142293930054e-01,9.010592103004455566e-01,1.214084178209304810e-01,1.001758351922035217e-01,2.751402556896209717e-02,-1.556809395551681519e-01,-2.040636986494064331e-01,5.829982757568359375e-01,9.861940145492553711e-01,-1.156963184475898743e-01,1.048158109188079834e-01,-1.037052646279335022e-01
5.957433022558689117e-04,4.687291383743286133e-02,7.815062999725341797e-01,9.940619468688964844e-01,-8.335015922784805298e-02,-6.139975041151046753e-02,-3.159784525632858276e-02,-5.226085428148508072e-03,9.444939345121383667e-02,1.119212359189987183e-01,4.601580500602722168e-01,-3.668018877506256104e-01,1.006404533982276917e-01,-4.242664277553558350e-01,-7.950367778539657593e-02,-2.372034266591072083e-02,4.878019094467163086e-01,3.915248215198516846e-01,2.194624543190002441e-01,-1.809127745218575001e-03,2.398608252406120300e-02,2.721951901912689209e-01,6.505510210990905762e-02,3.178282976150512695e-01,-2.268331795930862427e-01,8.973575830459594727e-01,1.243987455964088440e-01,1.011444404721260071e-01,2.442033402621746063e-02,-1.522131115198135376e-01,-2.022904604673385620e-01,5.818289518356323242e-01,9.870137572288513184e-01,-1.183633208274841309e-01,1.062060073018074036e-01,-1.010493412613868713e-01
6.208941340446472168e-04,4.661122336983680725e-02,7.812336683273315430e-01,9.940005540847778320e-01,-8.424565941095352173e-02,-6.276977062225341797e-02,-3.020286746323108673e-02,-4.271009005606174469e-03,9.587460011243820190e-02,1.091779246926307678e-01,4.644324481487274170e-01,-3.703857362270355225e-01,9.999164193868637085e-02,-4.246566891670227051e-01,-8.151275664567947388e-02,-2.079303935170173645e-02,4.816944003105163574e-01,3.962637484073638916e-01,2.169826328754425049e-01,-3.327981336042284966e-03,2.724869549274444580e-02,2.707992196083068848e-01,6.371711194515228271e-02,3.206860125064849854e-01,-2.238735556602478027e-01,8.929972052574157715e-01,1.253726631402969360e-01,1.017915606498718262e-01,2.139612287282943726e-02,-1.479024440050125122e-01,-2.007249593734741211e-01,5.813190937042236328e-01,9.873767495155334473e-01,-1.192844137549400330e-01,1.058071181178092957e-01,-9.815196692943572998e-02
9.965340141206979752e-04,4.632359370589256287e-02,7.808793783187866211e-01,9.938777685165405273e-01,-8.523865044116973877e-02,-6.399039924144744873e-02,-2.855617552995681763e-02,-3.943081945180892944e-03,9.789994359016418457e-02,1.056627035140991211e-01,4.690950810909271240e-01,-3.727211952209472656e-01,9.885475784540176392e-02,-4.235819280147552490e-01,-8.325346559286117554e-02,-1.885296404361724854e-02,4.741229116916656494e-01,4.043078422546386719e-01,2.153900861740112305e-01,-4.974136594682931900e-03,3.052009455859661102e-02,2.694922387599945068e-01,6.305983662605285645e-02,3.250782489776611328e-01,-2.213974297046661377e-01,8.889173865318298340e-01,1.241860464215278625e-01,1.025814786553382874e-01,2.053842321038246155e-02,-1.433449834585189819e-01,-1.977151185274124146e-01,5.830168724060058594e-01,9.862591028213500977e-01,-1.188616231083869934e-01,1.052250638604164124e-01,-9.696365892887115479e-02
1.267858315259218216e-03,4.562145471572875977e-02,7.806575298309326172e-01,9.938163161277770996e-01,-8.601160347461700439e-02,-6.519194692373275757e-02,-2.650821767747402191e-02,-2.732343506067991257e-03,9.898463636636734009e-02,1.022252961993217468e-01,4.727955460548400879e-01,-3.750264048576354980e-01,9.796028584241867065e-02,-4.219916164875030518e-01,-8.542094379663467407e-02,-1.703815534710884094e-02,4.711521267890930176e-01,4.025276899337768555e-01,2.141356468200683594e-01,-6.634628865867853165e-03,3.258710354566574097e-02,2.678451836109161377e-01,6.297431141138076782e-02,3.306626379489898682e-01,-2.195116728544235229e-01,8.856808543205261230e-01,1.221949756145477295e-01,1.026125252246856689e-01,2.032750099897384644e-02,-1.398337483406066895e-01,-1.954365223646163940e-01,5.866007208824157715e-01,9.857159256935119629e-01,-1.189436540007591248e-01,1.036758124828338623e-01,-9.653264284133911133e-02
1.598638715222477913e-03,4.496079310774803162e-02,7.806358337402343750e-01,9.936934709548950195e-01,-8.712784200906753540e-02,-6.612133979797363281e-02,-2.463810890913009644e-02,-2.070185029879212379e-03,1.008754223585128784e-01,9.772028774023056030e-02,4.766307175159454346e-01,-3.764590024948120117e-01,9.675296396017074585e-02,-4.207252562046051025e-01,-8.629979938268661499e-02,-1.857080869376659393e-02,4.717057049274444580e-01,4.011175334453582764e-01,2.130436450242996216e-01,-7.557755336165428162e-03,3.419422358274459839e-02,2.662755548954010010e-01,6.214241683483123779e-02,3.367388844490051270e-01,-2.172531038522720337e-01,8.841437101364135742e-01,1.203183457255363464e-01,1.026205271482467651e-01,2.136688493192195892e-02,-1.375706791877746582e-01,-1.925193816423416138e-01,5.905590653419494629e-01,9.862366914749145508e-01,-1.190213784575462341e-01,1.028039380908012390e-01,-9.626369178295135498e-02
1.835455652326345444e-03,4.410864412784576416e-02,7.809663414955139160e-01,9.936320781707763672e-01,-8.842317759990692139e-02,-6.664755195379257202e-02,-2.295808494091033936e-02,-1.956419087946414948e-03,1.038138121366500854e-01,9.327219426631927490e-02,4.779673814773559570e-01,-3.763647377490997314e-01,9.601466357707977295e-02,-4.194858074188232422e-01,-8.479176461696624756e-02,-1.982491463422775269e-02,4.706805348396301270e-01,4.023855328559875488e-01,2.150089591741561890e-01,-7.848574779927730560e-03,3.554755076766014099e-02,2.653669714927673340e-01,5.916285887360572815e-02,3.434764444828033447e-01,-2.129835188388824463e-01,8.848374485969543457e-01,1.177008971571922302e-01,1.035954877734184265e-01,2.287548594176769257e-02,-1.382131576538085938e-01,-1.883546113967895508e-01,5.945772528648376465e-01,9.896386265754699707e-01,-1.197556778788566589e-01,1.037800163030624390e-01,-9.732928872108459473e-02
1.769342226907610893e-03,4.351068288087844849e-02,7.815744280815124512e-01,9.935092329978942871e-01,-8.990852534770965576e-02,-6.684008985757827759e-02,-2.155178412795066833e-02,-2.413416048511862755e-03,1.070000156760215759e-01,8.826729655265808105e-02,4.789418280124664307e-01,-3.752224445343017578e-01,9.420433640480041504e-02,-4.188746213912963867e-01,-8.147177100181579590e-02,-2.197781763970851898e-02,4.687457978725433350e-01,4.076741635799407959e-01,2.189436256885528564e-01,-7.457487750798463821e-03,3.588005527853965759e-02,2.646839618682861328e-01,5.567457526922225952e-02,3.491317331790924072e-01,-2.070655375719070435e-01,8.860495090484619141e-01,1.126406118273735046e-01,1.049685627222061157e-01,2.460641227662563324e-02,-1.403158158063888550e-01,-1.850778460502624512e-01,5.970115065574645996e-01,9.948180913925170898e-01,-1.222421675920486450e-01,1.055451706051826477e-01,-9.564781188964843750e-02
1.496316632255911827e-03,4.266401380300521851e-02,7.823891639709472656e-01,9.933863282203674316e-01,-9.148640930652618408e-02,-6.657187640666961670e-02,-2.004529349505901337e-02,-4.514452535659074783e-03,1.109593138098716736e-01,8.309386670589447021e-02,4.785789251327514648e-01,-3.721742033958435059e-01,9.294795989990234375e-02,-4.226456880569458008e-01,-7.961750775575637817e-02,-2.641086280345916748e-02,4.717303514480590820e-01,4.190531075000762939e-01,2.186476290225982666e-01,-7.874474860727787018e-03,3.575364500284194946e-02,2.644344568252563477e-01,5.140012875199317932e-02,3.537806868553161621e-01,-1.995707750320434570e-01,8.866580128669738770e-01,1.048691943287849426e-01,1.047620698809623718e-01,2.677203342318534851e-02,-1.435663402080535889e-01,-1.817233562469482422e-01,6.002268791198730469e-01,1.000234842300415039e+00,-1.264813691377639771e-01,1.073986291885375977e-01,-9.359146654605865479e-02
9.823255240917205811e-04,4.194281995296478271e-02,7.831460237503051758e-01,9.933863282203674316e-01,-9.253091365098953247e-02,-6.611106544733047485e-02,-1.836717128753662109e-02,-7.856287993490695953e-03,1.142861470580101013e-01,7.855939865112304688e-02,4.776614904403686523e-01,-3.686187565326690674e-01,9.154476225376129150e-02,-4.271642863750457764e-01,-8.161751180887222290e-02,-3.499896079301834106e-02,4.752787351608276367e-01,4.290821254253387451e-01,2.169020622968673706e-01,-7.926235906779766083e-03,3.405177220702171326e-02,2.655479311943054199e-01,4.569071531295776367e-02,3.580476641654968262e-01,-1.922766715288162231e-01,8.851214647293090820e-01,9.484131634235382080e-02,1.030771657824516296e-01,3.089935891330242157e-02,-1.475697904825210571e-01,-1.795833557844161987e-01,6.045061945915222168e-01,1.004697680473327637e+00,-1.341701447963714600e-01,1.090388372540473938e-01,-8.980146050453186035e-02
3.069594968110322952e-04,4.107126593589782715e-02,7.837678194046020508e-01,9.933863282203674316e-01,-9.293028712272644043e-02,-6.577313691377639771e-02,-1.616679690778255463e-02,-1.121744420379400253e-02,1.157193183898925781e-01,7.431142777204513550e-02,4.769286513328552246e-01,-3.655807673931121826e-01,8.974337577819824219e-02,-4.291894435882568359e-01,-8.660403639078140259e-02,-4.388386383652687073e-02,4.760963618755340576e-01,4.351875483989715576e-01,2.173401415348052979e-01,-7.955050095915794373e-03,3.079459071159362793e-02,2.680695950984954834e-01,3.966207057237625122e-02,3.624899685382843018e-01,-1.898700743913650513e-01,8.809554576873779297e-01,8.589271456003189087e-02,1.001004800200462341e-01,3.561735525727272034e-02,-1.514260172843933105e-01,-1.784244030714035034e-01,6.087049841880798340e-01,1.006264448165893555e+00,-1.397835761308670044e-01,1.091389358043670654e-01,-8.733610808849334717e-02
-3.844539169222116470e-04,4.034986346960067749e-02,7.840552926063537598e-01,9.934477806091308594e-01,-9.323172271251678467e-02,-6.564619392156600952e-02,-1.426890771836042404e-02,-1.389721687883138657e-02,1.168575212359428406e-01,7.152640074491500854e-02,4.767713546752929688e-01,-3.634652197360992432e-01,8.797373622655868530e-02,-4.315838515758514404e-01,-9.374595433473587036e-02,-5.370261892676353455e-02,4.796048104763031006e-01,4.340705275535583496e-01,2.144843190908432007e-01,-6.964947562664747238e-03,2.731360122561454773e-02,2.715775966644287109e-01,3.543421626091003418e-02,3.668473660945892334e-01,-1.902827322483062744e-01,8.779615759849548340e-01,8.144564926624298096e-02,9.779874980449676514e-02,4.144979268312454224e-02,-1.556109189987182617e-01,-1.787998974323272705e-01,6.127284765243530273e-01,1.007366895675659180e+00,-1.421572118997573853e-01,1.091217920184135437e-01,-8.679280430078506470e-02
-1.404713373631238937e-03,3.959731385111808777e-02,7.841832637786865234e-01,9.934477806091308594e-01,-9.344675391912460327e-02,-6.564619392156600952e-02,-1.326862536370754242e-02,-1.575884781777858734e-02,1.179383620619773865e-01,6.949531286954879761e-02,4.777138233184814453e-01,-3.621600270271301270e-01,8.648426085710525513e-02,-4.365748763084411621e-01,-1.016256809234619141e-01,-6.379258632659912109e-02,4.914844036102294922e-01,4.272798001766204834e-01,2.064600884914398193e-01,-5.268722772598266602e-03,2.426630072295665741e-02,2.755578458309173584e-01,3.425753861665725708e-02,3.698449134826660156e-01,-1.914117038249969482e-01,8.766550421714782715e-01,7.969032227993011475e-02,9.547097235918045044e-02,4.608179256319999695e-02,-1.592546403408050537e-01,-1.799080073833465576e-01,6.146054267883300781e-01,1.008042097091674805e+00,-1.423150300979614258e-01,1.086437553167343140e-01,-8.553918451070785522e-02
-2.778923138976097107e-03,3.882126510143280029e-02,7.841983437538146973e-01,9.933248758316040039e-01,-9.351976215839385986e-02,-6.580793112516403198e-02,-1.281902845948934555e-02,-1.735102012753486633e-02,1.185402870178222656e-01,6.839707493782043457e-02,4.784492850303649902e-01,-3.606952130794525146e-01,8.599763363599777222e-02,-4.415023624897003174e-01,-1.057667881250381470e-01,-6.570734083652496338e-02,5.030559897422790527e-01,4.201075732707977295e-01,2.027521282434463501e-01,-2.770650433376431465e-03,2.121001854538917542e-02,2.792085111141204834e-01,3.572846204042434692e-02,3.709367513656616211e-01,-1.924795955419540405e-01,8.788934350013732910e-01,8.070775866508483887e-02,9.515342116355895996e-02,4.835299029946327209e-02,-1.623458564281463623e-01,-1.814960092306137085e-01,6.155920028686523438e-01,1.008780360221862793e+00,-1.418845951557159424e-01,1.087008044123649597e-01,-8.526168018579483032e-02
-3.906239988282322884e-03,3.824261575937271118e-02,7.841534018516540527e-01,9.933248758316040039e-01,-9.358120709657669067e-02,-6.593082100152969360e-02,-1.293231826275587082e-02,-1.926955394446849823e-02,1.192741319537162781e-01,6.858026236295700073e-02,4.797715246677398682e-01,-3.604279458522796631e-01,8.543519675731658936e-02,-4.487815499305725098e-01,-1.102550849318504333e-01,-6.823172420263290405e-02,5.191097259521484375e-01,4.121851325035095215e-01,1.963290125131607056e-01,-1.764372282195836306e-04,1.839556917548179626e-02,2.822985053062438965e-01,4.018095508217811584e-02,3.706401288509368896e-01,-1.943880319595336914e-01,8.848273754119873047e-01,8.238666504621505737e-02,9.457290172576904297e-02,4.968349635601043701e-02,-1.650586873292922974e-01,-1.826629340648651123e-01,6.158618927001953125e-01,1.009108543395996094e+00,-1.366961300373077393e-01,1.089392900466918945e-01,-8.421361446380615234e-02
-5.037970840930938721e-03,3.811905160546302795e-02,7.839531898498535156e-01,9.932634234428405762e-01,-9.352555125951766968e-02,-6.627286970615386963e-02,-1.356489211320877075e-02,-1.994290016591548920e-02,1.195786297321319580e-01,6.982193142175674438e-02,4.796424806118011475e-01,-3.602847158908843994e-01,8.539899438619613647e-02,-4.543723762035369873e-01,-1.098728030920028687e-01,-6.468998640775680542e-02,5.360230803489685059e-01,4.026288390159606934e-01,1.948686242103576660e-01,2.329945797100663185e-03,1.540995296090841293e-02,2.848457694053649902e-01,4.799167811870574951e-02,3.688785433769226074e-01,-1.975276172161102295e-01,8.941110968589782715e-01,8.558543026447296143e-02,9.491387754678726196e-02,4.866491630673408508e-02,-1.667922586202621460e-01,-1.838809549808502197e-01,6.137235760688781738e-01,1.009668469429016113e+00,-1.312972009181976318e-01,1.089641153812408447e-01,-8.376735448837280273e-02
-5.524720996618270874e-03,3.831443190574645996e-02,7.838127017021179199e-01,9.932634234428405762e-01,-9.324903041124343872e-02,-6.661083549261093140e-02,-1.485916320234537125e-02,-1.946104317903518677e-02,1.193899884819984436e-01,7.203254848718643188e-02,4.799907505512237549e-01,-3.605811297893524170e-01,8.605217188596725464e-02,-4.596101343631744385e-01,-1.085878014564514160e-01,-6.046649813652038574e-02,5.549560785293579102e-01,3.920329809188842773e-01,1.936025023460388184e-01,5.052367690950632095e-03,1.253253035247325897e-02,2.864478826522827148e-01,5.894644185900688171e-02,3.664009869098663330e-01,-2.000049799680709839e-01,9.073240756988525391e-01,8.932469785213470459e-02,9.652461856603622437e-02,4.674151539802551270e-02,-1.665896177291870117e-01,-1.846329122781753540e-01,6.093406677246093750e-01,1.009149312973022461e+00,-1.266556233167648315e-01,1.095359846949577332e-01,-8.311741054058074951e-02
-6.249442696571350098e-03,3.845520317554473877e-02,7.837653756141662598e-01,9.932634234428405762e-01,-9.303395450115203857e-02,-6.679518520832061768e-02,-1.642611622810363770e-02,-1.931830681860446930e-02,1.191258355975151062e-01,7.512335479259490967e-02,4.795532524585723877e-01,-3.604833185672760010e-01,8.696465194225311279e-02,-4.637573659420013428e-01,-1.064778491854667664e-01,-5.891862884163856506e-02,5.746493339538574219e-01,3.798040449619293213e-01,1.920263618230819702e-01,7.867659442126750946e-03,9.963648393750190735e-03,2.863365411758422852e-01,7.178592681884765625e-02,3.635383546352386475e-01,-2.016708105802536011e-01,9.215731620788574219e-01,9.249688684940338135e-02,9.853906929492950439e-02,4.464187473058700562e-02,-1.665904372930526733e-01,-1.848569810390472412e-01,6.039098501205444336e-01,1.009240627288818359e+00,-1.218301206827163696e-01,1.095979958772659302e-01,-8.276405185461044312e-02
-6.238554604351520538e-03,3.865351527929306030e-02,7.837594747543334961e-01,9.932019710540771484e-01,-9.291680902242660522e-02,-6.692222505807876587e-02,-1.820158585906028748e-02,-1.804710924625396729e-02,1.189539059996604919e-01,7.747789472341537476e-02,4.781545400619506836e-01,-3.602182567119598389e-01,8.836536854505538940e-02,-4.670676589012145996e-01,-1.048244833946228027e-01,-6.158951297402381897e-02,5.946322679519653320e-01,3.701924979686737061e-01,1.874010711908340454e-01,9.770722128450870514e-03,8.341559208929538727e-03,2.851099967956542969e-01,8.623845875263214111e-02,3.599112927913665771e-01,-2.025195062160491943e-01,9.357563853263854980e-01,9.495256096124649048e-02,1.005372628569602966e-01,4.083941131830215454e-02,-1.654226630926132202e-01,-1.845722645521163940e-01,5.983041524887084961e-01,1.008039236068725586e+00,-1.163332313299179077e-01,1.087721511721611023e-01,-8.376644551753997803e-02
-6.205495912581682205e-03,3.855784237384796143e-02,7.837494611740112305e-01,9.932019710540771484e-01,-9.273245185613632202e-02,-6.689149886369705200e-02,-2.011814713478088379e-02,-1.683396846055984497e-02,1.184814795851707458e-01,7.990496605634689331e-02,4.769532382488250732e-01,-3.599844574928283691e-01,8.950722962617874146e-02,-4.693358838558197021e-01,-1.019085347652435303e-01,-6.323169916868209839e-02,6.103999614715576172e-01,3.630933463573455811e-01,1.844621151685714722e-01,1.203783228993415833e-02,6.820939946919679642e-03,2.826013565063476562e-01,1.005594134330749512e-01,3.560155034065246582e-01,-2.021885067224502563e-01,9.502716064453125000e-01,9.819571673870086670e-02,1.028325408697128296e-01,3.791080042719841003e-02,-1.632793098688125610e-01,-1.837322264909744263e-01,5.931451916694641113e-01,1.004886865615844727e+00,-1.112349331378936768e-01,1.074184849858283997e-01,-8.519566804170608521e-02
-5.956640467047691345e-03,3.873921558260917664e-02,7.837440371513366699e-01,9.932634234428405762e-01,-9.251163899898529053e-02,-6.685663759708404541e-02,-2.174914628267288208e-02,-1.500773988664150238e-02,1.181050837039947510e-01,8.293768763542175293e-02,4.752503931522369385e-01,-3.596384227275848389e-01,9.020587056875228882e-02,-4.679123461246490479e-01,-9.576443582773208618e-02,-6.271965801715850830e-02,6.182438135147094727e-01,3.559401631355285645e-01,1.847401559352874756e-01,1.333067007362842560e-02,6.009206175804138184e-03,2.795695960521697998e-01,1.135465279221534729e-01,3.523637056350708008e-01,-2.012125849723815918e-01,9.629010558128356934e-01,1.006506606936454773e-01,1.047333553433418274e-01,3.549806773662567139e-02,-1.611395478248596191e-01,-1.825529932975769043e-01,5.899853706359863281e-01,1.001896858215332031e+00,-1.072926893830299377e-01,1.047717854380607605e-01,-8.639655262231826782e-02
-5.654269829392433167e-03,3.851283341646194458e-02,7.837721705436706543e-01,9.932634234428405762e-01,-9.226584434509277344e-02,-6.670301407575607300e-02,-2.354269102215766907e-02,-1.325919758528470993e-02,1.181124746799468994e-01,8.621313422918319702e-02,4.729600846767425537e-01,-3.586037158966064453e-01,9.073225408792495728e-02,-4.643777608871459961e-01,-8.836445212364196777e-02,-6.208711490035057068e-02,6.172980666160583496e-01,3.517304360866546631e-01,1.873885393142700195e-01,1.514999009668827057e-02,5.564675666391849518e-03,2.752124369144439697e-01,1.249808147549629211e-01,3.486553430557250977e-01,-1.993523836135864258e-01,9.729144573211669922e-01,1.016122028231620789e-01,1.067925542593002319e-01,3.455766290426254272e-02,-1.580228060483932495e-01,-1.813548356294631958e-01,5.878927707672119141e-01,9.980531930923461914e-01,-1.035205498337745667e-01,1.024343892931938171e-01,-8.763243257999420166e-02
-5.047813057899475098e-03,3.823571652173995972e-02,7.838438749313354492e-01,9.932019710540771484e-01,-9.208719432353973389e-02,-6.649205088615417480e-02,-2.532628178596496582e-02,-1.149594504386186600e-02,1.180303469300270081e-01,9.030557423830032349e-02,4.712291359901428223e-01,-3.584892749786376953e-01,9.113850444555282593e-02,-4.584843516349792480e-01,-8.041223138570785522e-02,-6.097294390201568604e-02,6.077246069908142090e-01,3.513669669628143311e-01,1.898616254329681396e-01,1.645110361278057098e-02,5.435341037809848785e-03,2.709868848323822021e-01,1.337115764617919922e-01,3.456540107727050781e-01,-1.979679018259048462e-01,9.800093770027160645e-01,1.005199477076530457e-01,1.078392490744590759e-01,3.465179353952407837e-02,-1.554834395647048950e-01,-1.800114065408706665e-01,5.862470865249633789e-01,9.950308799743652344e-01,-1.002890616655349731e-01,9.937687963247299194e-02,-8.923556655645370483e-02
-4.366389010101556778e-03,3.811775147914886475e-02,7.837637662887573242e-01,9.932634234428405762e-01,-9.158990532159805298e-02,-6.633431464433670044e-02,-2.701456658542156219e-02,-9.389571845531463623e-03,1.179556921124458313e-01,9.458743035793304443e-02,4.701923727989196777e-01,-3.589664995670318604e-01,9.166741371154785156e-02,-4.497704803943634033e-01,-7.012525945901870728e-02,-5.621583759784698486e-02,5.880052447319030762e-01,3.539955317974090576e-01,1.954467147588729858e-01,1.710055023431777954e-02,5.276420153677463531e-03,2.672139108180999756e-01,1.402443200349807739e-01,3.428538143634796143e-01,-1.978031545877456665e-01,9.837591052055358887e-01,9.890232980251312256e-02,1.075945422053337097e-01,3.462990000844001770e-02,-1.529006063938140869e-01,-1.786230802536010742e-01,5.849648118019104004e-01,9.936410784721374512e-01,-9.706112742424011230e-02,9.634982794523239136e-02,-9.052388370037078857e-02
-3.381239483132958412e-03,3.800573945045471191e-02,7.836908102035522461e-01,9.932634234428405762e-01,-9.094468504190444946e-02,-6.618069112300872803e-02,-2.847398258745670319e-02,-7.649329025298357010e-03,1.170668005943298340e-01,9.832866489887237549e-02,4.696255922317504883e-01,-3.599152266979217529e-01,9.247117489576339722e-02,-4.409389197826385498e-01,-5.873914435505867004e-02,-4.654802381992340088e-02,5.616945028305053711e-01,3.571123182773590088e-01,2.015562653541564941e-01,1.727109774947166443e-02,5.068614613264799118e-03,2.639884352684020996e-01,1.436379402875900269e-01,3.408602476119995117e-01,-1.981718093156814575e-01,9.848402738571166992e-01,9.735227376222610474e-02,1.070959642529487610e-01,3.450796753168106079e-02,-1.504466980695724487e-01,-1.777647882699966431e-01,5.849951505661010742e-01,9.937579631805419922e-01,-9.393656253814697266e-02,9.419229626655578613e-02,-9.214636683464050293e-02
-2.861123066395521164e-03,3.808200359344482422e-02,7.834720611572265625e-01,9.933248758316040039e-01,-9.032461047172546387e-02,-6.599226593971252441e-02,-2.957823686301708221e-02,-6.628727074712514877e-03,1.163312792778015137e-01,1.014321520924568176e-01,4.696179628372192383e-01,-3.617257773876190186e-01,9.354870021343231201e-02,-4.332727789878845215e-01,-5.006071552634239197e-02,-4.170583561062812805e-02,5.351099967956542969e-01,3.627684712409973145e-01,2.038873732089996338e-01,1.681272685527801514e-02,5.045978352427482605e-03,2.620000541210174561e-01,1.447545737028121948e-01,3.392046391963958740e-01,-1.993117481470108032e-01,9.813587069511413574e-01,9.627845138311386108e-02,1.053858175873756409e-01,3.466781973838806152e-02,-1.492047458887100220e-01,-1.773581206798553467e-01,5.848763585090637207e-01,9.968972802162170410e-01,-9.021591395139694214e-02,9.214106947183609009e-02,-9.354239702224731445e-02
-1.826098887249827385e-03,3.815490379929542542e-02,7.832017540931701660e-01,9.932634234428405762e-01,-8.965425938367843628e-02,-6.581199914216995239e-02,-3.089354187250137329e-02,-6.273668259382247925e-03,1.155446246266365051e-01,1.044910699129104614e-01,4.703200757503509521e-01,-3.637813329696655273e-01,9.460113942623138428e-02,-4.250777959823608398e-01,-3.921322897076606750e-02,-3.298649936914443970e-02,5.018930435180664062e-01,3.731852769851684570e-01,2.102645635604858398e-01,1.678567007184028625e-02,5.223903339356184006e-03,2.604703903198242188e-01,1.428395956754684448e-01,3.382392823696136475e-01,-2.006758451461791992e-01,9.746846556663513184e-01,9.443033486604690552e-02,1.033078357577323914e-01,3.476390987634658813e-02,-1.485961675643920898e-01,-1.774644553661346436e-01,5.846933722496032715e-01,1.000292778015136719e+00,-8.849618583917617798e-02,9.173003584146499634e-02,-9.442040324211120605e-02
-1.249584136530756950e-03,3.802479058504104614e-02,7.829798460006713867e-01,9.933248758316040039e-01,-8.943364769220352173e-02,-6.543925404548645020e-02,-3.223574534058570862e-02,-7.060979492962360382e-03,1.156783178448677063e-01,1.074734106659889221e-01,4.720696508884429932e-01,-3.658724725246429443e-01,9.522805362939834595e-02,-4.180831313133239746e-01,-2.994805388152599335e-02,-2.865989692509174347e-02,4.693821072578430176e-01,3.896434903144836426e-01,2.167101949453353882e-01,1.657345704734325409e-02,6.143888924270868301e-03,2.599254548549652100e-01,1.383157968521118164e-01,3.379215598106384277e-01,-2.013258785009384155e-01,9.659672975540161133e-01,9.319409728050231934e-02,1.007819101214408875e-01,3.538355231285095215e-02,-1.486069560050964355e-01,-1.775500625371932983e-01,5.854874253273010254e-01,1.004328727722167969e+00,-8.738090842962265015e-02,9.188054502010345459e-02,-9.505482017993927002e-02
-6.424158345907926559e-04,3.811237588524818420e-02,7.828636765480041504e-01,9.933248758316040039e-01,-8.946437388658523560e-02,-6.513202935457229614e-02,-3.345697373151779175e-02,-8.007213473320007324e-03,1.166776418685913086e-01,1.105547547340393066e-01,4.739111065864562988e-01,-3.670267164707183838e-01,9.529075026512145996e-02,-4.114731848239898682e-01,-2.134606987237930298e-02,-2.563667297363281250e-02,4.367430210113525391e-01,4.045338332653045654e-01,2.235127538442611694e-01,1.557685062289237976e-02,7.462590467184782028e-03,2.606741189956665039e-01,1.317747384309768677e-01,3.388472497463226318e-01,-2.027958929538726807e-01,9.560967683792114258e-01,9.180977940559387207e-02,9.771423786878585815e-02,3.602841123938560486e-02,-1.492109149694442749e-01,-1.775308549404144287e-01,5.875240564346313477e-01,1.009063005447387695e+00,-8.782698959112167358e-02,9.253891557455062866e-02,-9.580550342798233032e-02
-6.479732692241668701e-04,3.810761123895645142e-02,7.827126979827880859e-01,9.932634234428405762e-01,-8.959280699491500854e-02,-6.469055265188217163e-02,-3.428860381245613098e-02,-9.352847002446651459e-03,1.176182478666305542e-01,1.134570762515068054e-01,4.763616323471069336e-01,-3.672114908695220947e-01,9.435533732175827026e-02,-4.063667654991149902e-01,-1.600075513124465942e-02,-2.792476303875446320e-02,4.086686670780181885e-01,4.175804257392883301e-01,2.274426519870758057e-01,1.418082136660814285e-02,8.162730373442173004e-03,2.614909112453460693e-01,1.228103041648864746e-01,3.414262235164642334e-01,-2.054136693477630615e-01,9.466198086738586426e-01,9.081695228815078735e-02,9.462730586528778076e-02,3.733885288238525391e-02,-1.499059349298477173e-01,-1.783258765935897827e-01,5.896104574203491211e-01,1.013332605361938477e+00,-8.993167430162429810e-02,9.398855268955230713e-02,-9.607060253620147705e-02
-6.448412314057350159e-04,3.801776468753814697e-02,7.827501296997070312e-01,9.932634234428405762e-01,-8.999222517013549805e-02,-6.406070291996002197e-02,-3.484932705760002136e-02,-1.082248147577047348e-02,1.194980740547180176e-01,1.146480068564414978e-01,4.785917699337005615e-01,-3.674590885639190674e-01,9.273748099803924561e-02,-4.050261676311492920e-01,-1.247566379606723785e-02,-3.378931432962417603e-02,3.909732401371002197e-01,4.261607229709625244e-01,2.280822694301605225e-01,1.178717706352472305e-02,9.501077234745025635e-03,2.625849843025207520e-01,1.125118061900138855e-01,3.446496129035949707e-01,-2.076807320117950439e-01,9.381909370422363281e-01,9.023249894380569458e-02,9.202296286821365356e-02,3.733238205313682556e-02,-1.510253548622131348e-01,-1.791417449712753296e-01,5.906515717506408691e-01,1.017956137657165527e+00,-9.053896367549896240e-02,9.564470499753952026e-02,-9.688039124011993408e-02
-7.924796082079410553e-04,3.793750330805778503e-02,7.827929854393005371e-01,9.932019710540771484e-01,-9.042796492576599121e-02,-6.343477219343185425e-02,-3.506657108664512634e-02,-1.306898240000009537e-02,1.211753785610198975e-01,1.151107847690582275e-01,4.808904528617858887e-01,-3.677385449409484863e-01,9.095218777656555176e-02,-4.057753086090087891e-01,-1.133943535387516022e-02,-4.350099712610244751e-02,3.796202838420867920e-01,4.313148856163024902e-01,2.276602238416671753e-01,9.699942544102668762e-03,1.029633544385433197e-02,2.641452252864837646e-01,1.004568040370941162e-01,3.496114909648895264e-01,-2.098724991083145142e-01,9.295872449874877930e-01,8.973952382802963257e-02,8.968833088874816895e-02,3.772705793380737305e-02,-1.519602239131927490e-01,-1.794275790452957153e-01,5.908698439598083496e-01,1.021776795387268066e+00,-9.108532965183258057e-02,9.724936634302139282e-02,-9.784966707229614258e-02
-1.265432918444275856e-03,3.800714015960693359e-02,7.829399108886718750e-01,9.932634234428405762e-01,-9.085251390933990479e-02,-6.253983825445175171e-02,-3.455744311213493347e-02,-1.618585921823978424e-02,1.223907396197319031e-01,1.137545108795166016e-01,4.815583825111389160e-01,-3.671090900897979736e-01,8.909210562705993652e-02,-4.068854749202728271e-01,-1.039724424481391907e-02,-4.984087124466896057e-02,3.699958920478820801e-01,4.359030425548553467e-01,2.286607772111892700e-01,6.771432235836982727e-03,1.093017775565385818e-02,2.657924294471740723e-01,8.783256262540817261e-02,3.548454940319061279e-01,-2.112548947334289551e-01,9.216716885566711426e-01,8.778584748506546021e-02,8.753941953182220459e-02,3.747183084487915039e-02,-1.518447697162628174e-01,-1.789014190435409546e-01,5.895031094551086426e-01,1.024237513542175293e+00,-9.150248020887374878e-02,9.879630059003829956e-02,-9.953958541154861450e-02
-1.903486670926213264e-03,3.760762512683868408e-02,7.831512689590454102e-01,9.933248758316040039e-01,-9.136917442083358765e-02,-6.142995133996009827e-02,-3.361058607697486877e-02,-2.036020532250404358e-02,1.234039142727851868e-01,1.116800978779792786e-01,4.822931289672851562e-01,-3.657114207744598389e-01,8.809139579534530640e-02,-4.111437201499938965e-01,-1.355190202593803406e-02,-5.921007692813873291e-02,3.683160543441772461e-01,4.375857412815093994e-01,2.272432148456573486e-01,3.994407132267951965e-03,1.148079708218574524e-02,2.675533294677734375e-01,7.500788569450378418e-02,3.601700365543365479e-01,-2.095461636781692505e-01,9.150886535644531250e-01,8.457215130329132080e-02,8.574100583791732788e-02,3.836301341652870178e-02,-1.515774279832839966e-01,-1.791154891252517700e-01,5.876974463462829590e-01,1.026407480239868164e+00,-9.232119470834732056e-02,1.002845689654350281e-01,-1.007654592394828796e-01
-2.606793306767940521e-03,3.722994029521942139e-02,7.834790945053100586e-01,9.933863282203674316e-01,-9.207010269165039062e-02,-6.010515615344047546e-02,-3.218767046928405762e-02,-2.534290216863155365e-02,1.243340447545051575e-01,1.083503141999244690e-01,4.823651909828186035e-01,-3.635338544845581055e-01,8.644604682922363281e-02,-4.173387587070465088e-01,-2.083060890436172485e-02,-7.181835174560546875e-02,3.721489310264587402e-01,4.400336742401123047e-01,2.245290428400039673e-01,1.526922336779534817e-03,1.209732796996831894e-02,2.695605456829071045e-01,6.272288411855697632e-02,3.649181127548217773e-01,-2.046149671077728271e-01,9.074589610099792480e-01,7.913650572299957275e-02,8.314179629087448120e-02,3.959347680211067200e-02,-1.512896418571472168e-01,-1.789081245660781860e-01,5.868985652923583984e-01,1.027198553085327148e+00,-9.434179961681365967e-02,1.014181971549987793e-01,-1.006705984473228455e-01
-3.691223682835698128e-03,3.714458644390106201e-02,7.840037345886230469e-01,9.935092329978942871e-01,-9.267305582761764526e-02,-5.889976024627685547e-02,-3.069391660392284393e-02,-3.020918928086757660e-02,1.251122653484344482e-01,1.049510315060615540e-01,4.825454354286193848e-01,-3.614497482776641846e-01,8.502231538295745850e-02,-4.251550436019897461e-01,-3.100167587399482727e-02,-8.528561890125274658e-02,3.792129755020141602e-01,4.394060075283050537e-01,2.210606485605239868e-01,-6.688900175504386425e-04,1.206500735133886337e-02,2.717974781990051270e-01,5.168552696704864502e-02,3.686916530132293701e-01,-1.972374469041824341e-01,8.990321159362792969e-01,6.996890157461166382e-02,8.083986490964889526e-02,4.158401861786842346e-02,-1.511215120553970337e-01,-1.791883558034896851e-01,5.865298509597778320e-01,1.026537418365478516e+00,-9.960334748029708862e-02,1.022914648056030273e-01,-9.903012961149215698e-02
-4.641570150852203369e-03,3.728147596120834351e-02,7.845202088356018066e-01,9.935092329978942871e-01,-9.365599602460861206e-02,-5.767108127474784851e-02,-2.915038913488388062e-02,-3.555217757821083069e-02,1.270657926797866821e-01,1.017132550477981567e-01,4.832834899425506592e-01,-3.585231900215148926e-01,8.386247605085372925e-02,-4.375720322132110596e-01,-4.189378768205642700e-02,-9.576909989118576050e-02,3.955638408660888672e-01,4.377542138099670410e-01,2.125453799962997437e-01,-2.858743304386734962e-03,1.324302516877651215e-02,2.739935517311096191e-01,4.308490827679634094e-02,3.714141845703125000e-01,-1.854507625102996826e-01,8.915562629699707031e-01,5.716823041439056396e-02,7.756002992391586304e-02,4.478416964411735535e-02,-1.515076756477355957e-01,-1.802020668983459473e-01,5.877969264984130859e-01,1.025609731674194336e+00,-1.068103015422821045e-01,1.034356281161308289e-01,-9.693796187639236450e-02
-5.773269105702638626e-03,3.752783685922622681e-02,7.849797606468200684e-01,9.935092329978942871e-01,-9.436248242855072021e-02,-5.691851675510406494e-02,-2.786027826368808746e-02,-4.016985371708869934e-02,1.285215467214584351e-01,9.913561493158340454e-02,4.836743772029876709e-01,-3.565054833889007568e-01,8.274593204259872437e-02,-4.485616087913513184e-01,-5.151395872235298157e-02,-1.017720252275466919e-01,4.102325141429901123e-01,4.367873370647430420e-01,2.063714116811752319e-01,-4.563875962048768997e-03,1.394976954907178879e-02,2.764389514923095703e-01,3.679936751723289490e-02,3.726323246955871582e-01,-1.736909747123718262e-01,8.850829005241394043e-01,4.462547600269317627e-02,7.357358932495117188e-02,4.842467978596687317e-02,-1.516808569431304932e-01,-1.825895458459854126e-01,5.897360444068908691e-01,1.023258209228515625e+00,-1.159866824746131897e-01,1.034632772207260132e-01,-9.444236755371093750e-02
-6.747087463736534119e-03,3.791484981775283813e-02,7.851902842521667480e-01,9.935092329978942871e-01,-9.466965496540069580e-02,-5.665742233395576477e-02,-2.683125995099544525e-02,-4.307853057980537415e-02,1.290055364370346069e-01,9.772162884473800659e-02,4.839441478252410889e-01,-3.543514609336853027e-01,8.184085786342620850e-02,-4.587257802486419678e-01,-6.313640624284744263e-02,-1.080833524465560913e-01,4.264784455299377441e-01,4.395725131034851074e-01,1.995802074670791626e-01,-5.484363529831171036e-03,1.398971211165189743e-02,2.791182398796081543e-01,3.358059376478195190e-02,3.724339306354522705e-01,-1.654314249753952026e-01,8.814496994018554688e-01,3.568764403462409973e-02,7.038249820470809937e-02,5.210451409220695496e-02,-1.517434865236282349e-01,-1.852152496576309204e-01,5.921226143836975098e-01,1.020428180694580078e+00,-1.234700530767440796e-01,1.028190478682518005e-01,-9.257119894027709961e-02
-7.642370183020830154e-03,3.844778239727020264e-02,7.851976752281188965e-01,9.935092329978942871e-01,-9.466965496540069580e-02,-5.699530988931655884e-02,-2.650873176753520966e-02,-4.410910233855247498e-02,1.288048624992370605e-01,9.749851375818252563e-02,4.847050905227661133e-01,-3.534363508224487305e-01,8.119414001703262329e-02,-4.666075110435485840e-01,-7.405187189579010010e-02,-1.122230440378189087e-01,4.417521655559539795e-01,4.431644678115844727e-01,1.937570720911026001e-01,-5.764978937804698944e-03,1.408323924988508224e-02,2.818602621555328369e-01,3.354731947183609009e-02,3.705921471118927002e-01,-1.624023169279098511e-01,8.816651701927185059e-01,3.192587569355964661e-02,6.969371438026428223e-02,5.546124652028083801e-02,-1.520611792802810669e-01,-1.884150803089141846e-01,5.953865051269531250e-01,1.018765211105346680e+00,-1.288116723299026489e-01,1.026535630226135254e-01,-9.268184751272201538e-02
-8.038922213017940521e-03,3.881835564970970154e-02,7.848987579345703125e-01,9.935092329978942871e-01,-9.442391991615295410e-02,-5.776323378086090088e-02,-2.630139328539371490e-02,-4.348709061741828918e-02,1.280288100242614746e-01,9.819243848323822021e-02,4.860551953315734863e-01,-3.541936576366424561e-01,8.074551075696945190e-02,-4.726771414279937744e-01,-8.178517967462539673e-02,-1.108644306659698486e-01,4.582330882549285889e-01,4.432703554630279541e-01,1.874490678310394287e-01,-6.000109948217868805e-03,1.407639309763908386e-02,2.842952907085418701e-01,3.593603894114494324e-02,3.682366013526916504e-01,-1.668404489755630493e-01,8.855528235435485840e-01,3.411069512367248535e-02,7.039720565080642700e-02,5.668892338871955872e-02,-1.529362052679061890e-01,-1.913814395666122437e-01,5.985603332519531250e-01,1.018372774124145508e+00,-1.307327598333358765e-01,1.020545884966850281e-01,-9.338016808032989502e-02
-8.214564993977546692e-03,3.901884704828262329e-02,7.843709588050842285e-01,9.935092329978942871e-01,-9.387101233005523682e-02,-5.902262777090072632e-02,-2.615548670291900635e-02,-4.076843708753585815e-02,1.258920431137084961e-01,9.921634942293167114e-02,4.860529601573944092e-01,-3.552832901477813721e-01,8.070258796215057373e-02,-4.758493304252624512e-01,-8.565961569547653198e-02,-1.027753427624702454e-01,4.736450910568237305e-01,4.368129670619964600e-01,1.846459507942199707e-01,-6.169334985315799713e-03,1.319625787436962128e-02,2.859606444835662842e-01,4.081739485263824463e-02,3.667710125446319580e-01,-1.780984103679656982e-01,8.949607014656066895e-01,4.482079297304153442e-02,7.333295047283172607e-02,5.571520328521728516e-02,-1.535480022430419922e-01,-1.935535818338394165e-01,6.013330817222595215e-01,1.018996834754943848e+00,-1.312993913888931274e-01,1.020130291581153870e-01,-9.566595405340194702e-02
-8.164027705788612366e-03,3.914937376976013184e-02,7.838466167449951172e-01,9.935092329978942871e-01,-9.279592335224151611e-02,-6.042024865746498108e-02,-2.571777068078517914e-02,-3.637040033936500549e-02,1.229007095098495483e-01,1.005539521574974060e-01,4.854127168655395508e-01,-3.572143316268920898e-01,8.158375322818756104e-02,-4.753145873546600342e-01,-8.713359385728836060e-02,-9.283111244440078735e-02,4.864247739315032959e-01,4.246443510055541992e-01,1.871403306722640991e-01,-6.595187820494174957e-03,1.142452750355005264e-02,2.864526510238647461e-01,4.758004844188690186e-02,3.657785356044769287e-01,-1.942768245935440063e-01,9.063609242439270020e-01,6.100742146372795105e-02,7.924081385135650635e-02,5.239158496260643005e-02,-1.535015553236007690e-01,-1.935859024524688721e-01,6.031345129013061523e-01,1.019399881362915039e+00,-1.301384121179580688e-01,1.033051311969757080e-01,-9.909164160490036011e-02
-7.697838358581066132e-03,3.920707106590270996e-02,7.834490537643432617e-01,9.935706257820129395e-01,-9.180730581283569336e-02,-6.149154528975486755e-02,-2.592350728809833527e-02,-3.196138516068458557e-02,1.200867965817451477e-01,1.012542173266410828e-01,4.846407473087310791e-01,-3.576734960079193115e-01,8.240234106779098511e-02,-4.742740690708160400e-01,-8.861103653907775879e-02,-8.803232759237289429e-02,5.005942583084106445e-01,4.101783931255340576e-01,1.879916489124298096e-01,-5.973139777779579163e-03,9.229755960404872894e-03,2.856555283069610596e-01,5.626183003187179565e-02,3.642535805702209473e-01,-2.088734954595565796e-01,9.185678958892822266e-01,7.817101478576660156e-02,8.652891963720321655e-02,4.835728555917739868e-02,-1.529995501041412354e-01,-1.919755786657333374e-01,6.024734973907470703e-01,1.018601894378662109e+00,-1.296295076608657837e-01,1.058426648378372192e-01,-1.026764959096908569e-01
-7.224552333354949951e-03,3.921318054199218750e-02,7.832602262496948242e-01,9.935092329978942871e-01,-9.116791933774948120e-02,-6.220183148980140686e-02,-2.660856209695339203e-02,-2.891070768237113953e-02,1.183865517377853394e-01,1.018122360110282898e-01,4.831533432006835938e-01,-3.580810129642486572e-01,8.241275697946548462e-02,-4.749570786952972412e-01,-8.703941851854324341e-02,-8.320347964763641357e-02,5.131639838218688965e-01,4.031592309474945068e-01,1.899623721837997437e-01,-4.277111962437629700e-03,7.139610592275857925e-03,2.834923863410949707e-01,6.704506278038024902e-02,3.610193729400634766e-01,-2.162977159023284912e-01,9.307836890220642090e-01,9.125103056430816650e-02,9.342789649963378906e-02,4.349553957581520081e-02,-1.523822098970413208e-01,-1.904520839452743530e-01,6.000454425811767578e-01,1.015047311782836914e+00,-1.308709830045700073e-01,1.086939424276351929e-01,-1.046135872602462769e-01
-7.210242096334695816e-03,3.899310901761054993e-02,7.833536863327026367e-01,9.935092329978942871e-01,-9.067644923925399780e-02,-6.234005838632583618e-02,-2.769901417195796967e-02,-2.697698399424552917e-02,1.180059313774108887e-01,1.034948453307151794e-01,4.818851649761199951e-01,-3.575986325740814209e-01,8.192482590675354004e-02,-4.741992950439453125e-01,-8.290282636880874634e-02,-7.931977510452270508e-02,5.179964303970336914e-01,4.048853218555450439e-01,1.934078782796859741e-01,-2.009769901633262634e-03,5.450226832181215286e-03,2.807176411151885986e-01,7.987205684185028076e-02,3.553906083106994629e-01,-2.143062353134155273e-01,9.426851868629455566e-01,9.818717837333679199e-02,9.960956871509552002e-02,4.012551158666610718e-02,-1.520096212625503540e-01,-1.889660209417343140e-01,5.981085300445556641e-01,1.010895729064941406e+00,-1.315310448408126831e-01,1.100846081972122192e-01,-1.035657376050949097e-01
-6.886510178446769714e-03,3.854926675558090210e-02,7.834526300430297852e-01,9.936320781707763672e-01,-8.968241512775421143e-02,-6.222485750913619995e-02,-2.917749993503093719e-02,-2.564525417983531952e-02,1.175648868083953857e-01,1.059755161404609680e-01,4.805138409137725830e-01,-3.564280271530151367e-01,8.134286105632781982e-02,-4.711050093173980713e-01,-8.012466132640838623e-02,-7.985922694206237793e-02,5.150787830352783203e-01,4.147542417049407959e-01,1.976553946733474731e-01,1.559406286105513573e-03,3.407685318961739540e-03,2.774451971054077148e-01,9.305412322282791138e-02,3.480204641819000244e-01,-2.055540829896926880e-01,9.521405100822448730e-01,9.730240702629089355e-02,1.038582697510719299e-01,3.976871073246002197e-02,-1.518310755491256714e-01,-1.878461688756942749e-01,6.005425453186035156e-01,1.006706357002258301e+00,-1.312529742717742920e-01,1.094329804182052612e-01,-9.970831871032714844e-02
-6.379851140081882477e-03,3.806803002953529358e-02,7.834030985832214355e-01,9.936320781707763672e-01,-8.808533102273941040e-02,-6.236306577920913696e-02,-3.029085136950016022e-02,-2.388480864465236664e-02,1.152571514248847961e-01,1.097430586814880371e-01,4.777216613292694092e-01,-3.541532158851623535e-01,8.110024780035018921e-02,-4.636566638946533203e-01,-7.924427837133407593e-02,-8.191651850938796997e-02,5.020517706871032715e-01,4.275735318660736084e-01,2.054678797721862793e-01,5.452519748359918594e-03,3.730560129042714834e-04,2.753055095672607422e-01,1.046484112739562988e-01,3.399993181228637695e-01,-1.987273991107940674e-01,9.570851325988769531e-01,9.019194543361663818e-02,1.058103740215301514e-01,4.343281313776969910e-02,-1.536384969949722290e-01,-1.879400908946990967e-01,6.068236231803894043e-01,1.005493164062500000e+00,-1.311313360929489136e-01,1.078749448060989380e-01,-9.593488276004791260e-02
-5.965259391814470291e-03,3.739057481288909912e-02,7.831387519836425781e-01,9.938777685165405273e-01,-8.582205325365066528e-02,-6.302317231893539429e-02,-3.127361834049224854e-02,-1.986883766949176788e-02,1.112569794058799744e-01,1.144706755876541138e-01,4.727998971939086914e-01,-3.528597652912139893e-01,8.197414129972457886e-02,-4.546223282814025879e-01,-7.821564376354217529e-02,-7.865820825099945068e-02,4.867430329322814941e-01,4.329276382923126221e-01,2.119532078504562378e-01,1.041536685079336166e-02,-3.084275638684630394e-03,2.751582860946655273e-01,1.128706932067871094e-01,3.332830071449279785e-01,-2.010108679533004761e-01,9.597628116607666016e-01,8.243242651224136353e-02,1.050626486539840698e-01,4.874237254261970520e-02,-1.576903015375137329e-01,-1.886112391948699951e-01,6.154702901840209961e-01,1.009914278984069824e+00,-1.304084658622741699e-01,1.067417040467262268e-01,-9.459371864795684814e-02
-5.003150552511215210e-03,3.695438429713249207e-02,7.827261090278625488e-01,9.939391613006591797e-01,-8.366749435663223267e-02,-6.375616788864135742e-02,-3.183970227837562561e-02,-1.468029338866472244e-02,1.064948290586471558e-01,1.188776642084121704e-01,4.683548808097839355e-01,-3.534455299377441406e-01,8.411858975887298584e-02,-4.450965821743011475e-01,-7.634808123111724854e-02,-6.894156336784362793e-02,4.678676426410675049e-01,4.337590634822845459e-01,2.180407047271728516e-01,1.592235453426837921e-02,-5.311143118888139725e-03,2.756881415843963623e-01,1.175639107823371887e-01,3.283023238182067871e-01,-2.108321487903594971e-01,9.611017704010009766e-01,7.895238697528839111e-02,1.032056361436843872e-01,5.128541961312294006e-02,-1.632874608039855957e-01,-1.900490820407867432e-01,6.229810118675231934e-01,1.019478559494018555e+00,-1.235992610454559326e-01,1.065660789608955383e-01,-9.384886920452117920e-02
-4.298671614378690720e-03,3.637719526886940002e-02,7.822669744491577148e-01,9.941233396530151367e-01,-8.184081315994262695e-02,-6.434296816587448120e-02,-3.144240751862525940e-02,-9.658209048211574554e-03,1.015938147902488708e-01,1.199395358562469482e-01,4.633346498012542725e-01,-3.546128571033477783e-01,8.622688055038452148e-02,-4.349597096443176270e-01,-7.627264410257339478e-02,-6.023099273443222046e-02,4.478202462196350098e-01,4.271277189254760742e-01,2.224683910608291626e-01,1.975557766854763031e-02,-7.130674552172422409e-03,2.750998139381408691e-01,1.191692501306533813e-01,3.249599039554595947e-01,-2.260585129261016846e-01,9.606224894523620605e-01,8.145464211702346802e-02,1.028382703661918640e-01,5.069412291049957275e-02,-1.675850898027420044e-01,-1.909530758857727051e-01,6.255205869674682617e-01,1.028357267379760742e+00,-1.084820777177810669e-01,1.079913005232810974e-01,-9.544862061738967896e-02
-3.428415628150105476e-03,3.597280755639076233e-02,7.820839881896972656e-01,9.941847324371337891e-01,-8.091487735509872437e-02,-6.484548002481460571e-02,-3.002076968550682068e-02,-5.522854626178741455e-03,9.871900081634521484e-02,1.175936385989189148e-01,4.595409333705902100e-01,-3.560705184936523438e-01,8.784285932779312134e-02,-4.316529631614685059e-01,-7.757635414600372314e-02,-5.197945982217788696e-02,4.405267238616943359e-01,4.215698540210723877e-01,2.205883413553237915e-01,2.131039090454578400e-02,-6.943124346435070038e-03,2.748356759548187256e-01,1.182557865977287292e-01,3.225530683994293213e-01,-2.405132800340652466e-01,9.608010649681091309e-01,9.066429734230041504e-02,1.032801568508148193e-01,4.684923589229583740e-02,-1.692483276128768921e-01,-1.913389414548873901e-01,6.226874589920043945e-01,1.031596899032592773e+00,-9.348019957542419434e-02,1.079158708453178406e-01,-9.727688878774642944e-02
-2.712391316890716553e-03,3.566699475049972534e-02,7.823706269264221191e-01,9.942461252212524414e-01,-8.075641095638275146e-02,-6.504098325967788696e-02,-2.737921662628650665e-02,-3.654585452750325203e-03,9.736917912960052490e-02,1.129147857427597046e-01,4.579940736293792725e-01,-3.565224409103393555e-01,8.934969455003738403e-02,-4.284101426601409912e-01,-8.130780607461929321e-02,-5.116889253258705139e-02,4.349937736988067627e-01,4.129266738891601562e-01,2.174069285392761230e-01,2.059115096926689148e-02,-6.169402506202459335e-03,2.741421461105346680e-01,1.167678460478782654e-01,3.215096592903137207e-01,-2.548120617866516113e-01,9.588734507560729980e-01,1.014550700783729553e-01,1.051103696227073669e-01,4.299635812640190125e-02,-1.689900308847427368e-01,-1.924232989549636841e-01,6.163765192031860352e-01,1.029248952865600586e+00,-8.268414437770843506e-02,1.076668053865432739e-01,-9.940719604492187500e-02
-2.388831693679094315e-03,3.529364243149757385e-02,7.828901410102844238e-01,9.941847324371337891e-01,-8.168227970600128174e-02,-6.507569551467895508e-02,-2.481010928750038147e-02,-3.395063104107975960e-03,9.917826205492019653e-02,1.071947813034057617e-01,4.587340056896209717e-01,-3.566100597381591797e-01,9.034607559442520142e-02,-4.273412227630615234e-01,-8.585745096206665039e-02,-5.698433145880699158e-02,4.369048476219177246e-01,4.087242484092712402e-01,2.081320136785507202e-01,1.825480349361896515e-02,-3.620187519118189812e-03,2.740198969841003418e-01,1.137561649084091187e-01,3.205390274524688721e-01,-2.656979262828826904e-01,9.551108479499816895e-01,1.107723563909530640e-01,1.052595004439353943e-01,3.869745507836341858e-02,-1.679795831441879272e-01,-1.937003880739212036e-01,6.110717654228210449e-01,1.023455381393432617e+00,-7.519124448299407959e-02,1.053426042199134827e-01,-1.000298485159873962e-01
-2.002401743084192276e-03,3.513785824179649353e-02,7.834758758544921875e-01,9.941847324371337891e-01,-8.248037844896316528e-02,-6.532126665115356445e-02,-2.237744443118572235e-02,-2.614056691527366638e-03,1.006746292114257812e-01,1.027231141924858093e-01,4.598332345485687256e-01,-3.568769395351409912e-01,9.104494750499725342e-02,-4.251442253589630127e-01,-8.804006874561309814e-02,-5.908899754285812378e-02,4.330525100231170654e-01,4.140358567237854004e-01,2.061568796634674072e-01,1.522646844387054443e-02,-1.477703684940934181e-03,2.750149071216583252e-01,1.105697378516197205e-01,3.197963535785675049e-01,-2.737700641155242920e-01,9.478902816772460938e-01,1.165332645177841187e-01,1.033748835325241089e-01,3.780153393745422363e-02,-1.680015176534652710e-01,-1.960625946521759033e-01,6.099514961242675781e-01,1.016523599624633789e+00,-7.224749773740768433e-02,1.021342873573303223e-01,-9.962946176528930664e-02
-1.795902382582426071e-03,3.510639443993568420e-02,7.838170528411865234e-01,9.941847324371337891e-01,-8.294081687927246094e-02,-6.568962335586547852e-02,-2.047812566161155701e-02,-9.612690191715955734e-04,1.017129644751548767e-01,1.004400849342346191e-01,4.599308073520660400e-01,-3.563473522663116455e-01,9.075330942869186401e-02,-4.233153760433197021e-01,-8.844859898090362549e-02,-5.537421256303787231e-02,4.287370443344116211e-01,4.213398993015289307e-01,2.077422887086868286e-01,1.229751668870449066e-02,4.449150001164525747e-04,2.762019336223602295e-01,1.082731038331985474e-01,3.194859027862548828e-01,-2.769755125045776367e-01,9.392853379249572754e-01,1.196975260972976685e-01,1.012273430824279785e-01,4.047221690416336060e-02,-1.676826179027557373e-01,-1.995385885238647461e-01,6.133644580841064453e-01,1.008650660514831543e+00,-7.414591312408447266e-02,9.721751511096954346e-02,-9.843267500400543213e-02
-1.587277511134743690e-03,3.514913842082023621e-02,7.839908599853515625e-01,9.941847324371337891e-01,-8.321708440780639648e-02,-6.624215096235275269e-02,-1.904308237135410309e-02,7.275173556990921497e-04,1.022296845912933350e-01,9.873708337545394897e-02,4.610041677951812744e-01,-3.568274080753326416e-01,9.001115709543228149e-02,-4.230432212352752686e-01,-8.797836303710937500e-02,-4.956535995006561279e-02,4.267697334289550781e-01,4.279277026653289795e-01,2.087988853454589844e-01,9.293812327086925507e-03,1.448586117476224899e-03,2.781969904899597168e-01,1.069722697138786316e-01,3.194564580917358398e-01,-2.759552896022796631e-01,9.286065697669982910e-01,1.189905628561973572e-01,9.838874638080596924e-02,4.620222002267837524e-02,-1.673942059278488159e-01,-2.030154466629028320e-01,6.169207692146301270e-01,1.000771045684814453e+00,-8.193524926900863647e-02,9.201576560735702515e-02,-9.730163216590881348e-02
-1.098732929676771164e-03,3.524176031351089478e-02,7.840575575828552246e-01,9.940619468688964844e-01,-8.341155946254730225e-02,-6.677222996950149536e-02,-1.782511547207832336e-02,2.045359695330262184e-03,1.022760719060897827e-01,9.726732224225997925e-02,4.624352753162384033e-01,-3.572904467582702637e-01,8.987749367952346802e-02,-4.241854250431060791e-01,-8.591075241565704346e-02,-4.072729870676994324e-02,4.230005443096160889e-01,4.331887364387512207e-01,2.102173417806625366e-01,5.425351206213235855e-03,2.259031636640429497e-03,2.804694771766662598e-01,1.070013344287872314e-01,3.188950717449188232e-01,-2.706541419029235840e-01,9.194021224975585938e-01,1.145841479301452637e-01,9.489904344081878662e-02,5.306033045053482056e-02,-1.659409403800964355e-01,-2.059136331081390381e-01,6.187303662300109863e-01,9.947173595428466797e-01,-8.915048837661743164e-02,8.830906450748443604e-02,-9.704674780368804932e-02
-1.067425357177853584e-03,3.546577319502830505e-02,7.837697267532348633e-01,9.940619468688964844e-01,-8.341155946254730225e-02,-6.707923114299774170e-02,-1.661247014999389648e-02,1.547217252664268017e-03,1.018855124711990356e-01,9.626975655555725098e-02,4.649435877799987793e-01,-3.585808575153350830e-01,9.041517227888107300e-02,-4.227008819580078125e-01,-8.562549948692321777e-02,-3.563185408711433411e-02,4.154777824878692627e-01,4.367319643497467041e-01,2.125163525342941284e-01,2.901563188061118126e-03,2.560596913099288940e-03,2.821539044380187988e-01,1.070039197802543640e-01,3.182261288166046143e-01,-2.636402249336242676e-01,9.129559993743896484e-01,1.081777885556221008e-01,9.106007218360900879e-02,6.089664623141288757e-02,-1.641901135444641113e-01,-2.081941813230514526e-01,6.174124479293823242e-01,9.922068715095520020e-01,-9.502443671226501465e-02,8.658355474472045898e-02,-9.883496165275573730e-02
-1.030772691592574120e-03,3.588724136352539062e-02,7.834302783012390137e-01,9.940619468688964844e-01,-8.362646400928497314e-02,-6.757042557001113892e-02,-1.524248812347650528e-02,3.142527129966765642e-04,1.016135141253471375e-01,9.427801519632339478e-02,4.699790775775909424e-01,-3.605211079120635986e-01,9.073696285486221313e-02,-4.169338643550872803e-01,-8.619017153978347778e-02,-3.721152991056442261e-02,4.025728404521942139e-01,4.415063261985778809e-01,2.138502895832061768e-01,1.141329528763890266e-03,2.874952508136630058e-03,2.842823565006256104e-01,1.065832227468490601e-01,3.173145949840545654e-01,-2.579890489578247070e-01,9.113514423370361328e-01,1.006529107689857483e-01,8.606758713722229004e-02,6.725954264402389526e-02,-1.614481061697006226e-01,-2.080089151859283447e-01,6.121089458465576172e-01,9.954708218574523926e-01,-9.452863037586212158e-02,8.624144643545150757e-02,-1.029326021671295166e-01
-8.654166013002395630e-04,3.613271936774253845e-02,7.829018831253051758e-01,9.940005540847778320e-01,-8.369302749633789062e-02,-6.825003772974014282e-02,-1.416119188070297241e-02,1.151969172497047111e-05,1.011487394571304321e-01,9.309953451156616211e-02,4.740202426910400391e-01,-3.620952367782592773e-01,9.078466147184371948e-02,-4.050504565238952637e-01,-8.511122316122055054e-02,-3.793497383594512939e-02,3.836535811424255371e-01,4.447973370552062988e-01,2.175246626138687134e-01,5.313170840963721275e-04,3.083975985646247864e-03,2.857932150363922119e-01,1.057521104812622070e-01,3.177522718906402588e-01,-2.549234628677368164e-01,9.140552282333374023e-01,9.370392560958862305e-02,8.205857127904891968e-02,6.987190246582031250e-02,-1.578804254531860352e-01,-2.057233303785324097e-01,6.071800589561462402e-01,1.001622438430786133e+00,-8.919161558151245117e-02,8.799107372760772705e-02,-1.079728454351425171e-01
-4.005201626569032669e-04,3.632958978414535522e-02,7.822868824005126953e-01,9.941233396530151367e-01,-8.266966044902801514e-02,-6.873277574777603149e-02,-1.371815986931324005e-02,1.083012553863227367e-03,9.815915673971176147e-02,9.384211152791976929e-02,4.744148254394531250e-01,-3.629283905029296875e-01,9.072671085596084595e-02,-3.908340334892272949e-01,-8.192645758390426636e-02,-3.355195745825767517e-02,3.626487851142883301e-01,4.415125846862792969e-01,2.243156880140304565e-01,1.609969418495893478e-03,1.034540473483502865e-03,2.860545516014099121e-01,1.040268838405609131e-01,3.203660249710083008e-01,-2.550512254238128662e-01,9.180695414543151855e-01,9.059830009937286377e-02,8.006438612937927246e-02,6.767221540212631226e-02,-1.529425531625747681e-01,-2.030646353960037231e-01,6.034194827079772949e-01,1.007185459136962891e+00,-8.480488508939743042e-02,9.068133682012557983e-02,-1.119952872395515442e-01
-3.705348353832960129e-04,3.615404665470123291e-02,7.820130586624145508e-01,9.942461252212524414e-01,-8.137029409408569336e-02,-6.850942969322204590e-02,-1.409246958792209625e-02,2.800870919600129128e-03,9.525776654481887817e-02,9.606591612100601196e-02,4.708883166313171387e-01,-3.606570363044738770e-01,9.081160277128219604e-02,-3.811623156070709229e-01,-7.997722923755645752e-02,-3.152044489979743958e-02,3.527911603450775146e-01,4.322188794612884521e-01,2.232877314090728760e-01,2.976172138005495071e-03,-1.411380362696945667e-03,2.838860750198364258e-01,1.030346825718879700e-01,3.253417611122131348e-01,-2.552590072154998779e-01,9.215573668479919434e-01,9.308697283267974854e-02,7.986358553171157837e-02,6.051998212933540344e-02,-1.473017930984497070e-01,-1.981295645236968994e-01,6.013484597206115723e-01,1.011359453201293945e+00,-8.350870013236999512e-02,9.388893097639083862e-02,-1.130044087767601013e-01
-3.133364953100681305e-05,3.589547425508499146e-02,7.821574807167053223e-01,9.943075180053710938e-01,-8.047519624233245850e-02,-6.761512160301208496e-02,-1.552262715995311737e-02,4.345303401350975037e-03,9.374425560235977173e-02,9.892310202121734619e-02,4.652025103569030762e-01,-3.580402135848999023e-01,9.106726199388504028e-02,-3.759474754333496094e-01,-7.934765517711639404e-02,-3.505129367113113403e-02,3.505004048347473145e-01,4.257394075393676758e-01,2.212905287742614746e-01,4.367359913885593414e-03,-3.368027275428175926e-03,2.803507447242736816e-01,1.043846160173416138e-01,3.317857682704925537e-01,-2.516007423400878906e-01,9.259255528450012207e-01,9.694144874811172485e-02,8.005827665328979492e-02,5.325832962989807129e-02,-1.414241045713424683e-01,-1.924804598093032837e-01,6.007836461067199707e-01,1.012726068496704102e+00,-8.553506433963775635e-02,9.590082615613937378e-02,-1.118258312344551086e-01
8.677365258336067200e-05,3.545387089252471924e-02,7.827317714691162109e-01,9.944303035736083984e-01,-8.012768626213073730e-02,-6.631785631179809570e-02,-1.799497194588184357e-02,5.905658472329378128e-03,9.421473741531372070e-02,1.034095659852027893e-01,4.580692946910858154e-01,-3.539220094680786133e-01,9.125723689794540405e-02,-3.766085207462310791e-01,-7.631869614124298096e-02,-3.786905482411384583e-02,3.555801808834075928e-01,4.213567674160003662e-01,2.216306775808334351e-01,6.151913665235042572e-03,-4.451724700629711151e-03,2.761301696300506592e-01,1.091929674148559570e-01,3.384849727153778076e-01,-2.411806732416152954e-01,9.319838285446166992e-01,9.933489561080932617e-02,8.169282972812652588e-02,4.625671356916427612e-02,-1.361941993236541748e-01,-1.859364509582519531e-01,6.015721559524536133e-01,1.012191057205200195e+00,-9.003726392984390259e-02,9.748105704784393311e-02,-1.075120046734809875e-01
-9.092525579035282135e-05,3.522153571248054504e-02,7.835733294486999512e-01,9.943689107894897461e-01,-8.086919784545898438e-02,-6.455725431442260742e-02,-2.136051654815673828e-02,5.683465395122766495e-03,9.796468913555145264e-02,1.074889749288558960e-01,4.530906379222869873e-01,-3.511576652526855469e-01,9.126143157482147217e-02,-3.850063979625701904e-01,-7.110775262117385864e-02,-4.221110790967941284e-02,3.710585832595825195e-01,4.225288927555084229e-01,2.189719527959823608e-01,7.574960589408874512e-03,-3.414554055780172348e-03,2.715994119644165039e-01,1.150828078389167786e-01,3.443529903888702393e-01,-2.232536524534225464e-01,9.411138296127319336e-01,9.652679413557052612e-02,8.321145176887512207e-02,4.048033803701400757e-02,-1.319312155246734619e-01,-1.806371510028839111e-01,6.066560745239257812e-01,1.009903192520141602e+00,-9.314718842506408691e-02,9.695493429899215698e-02,-9.879960864782333374e-02
-1.702904701232910156e-04,3.455059975385665894e-02,7.842476963996887207e-01,9.943689107894897461e-01,-8.148300647735595703e-02,-6.274651736021041870e-02,-2.462904527783393860e-02,4.862718284130096436e-03,1.017311438918113708e-01,1.125800758600234985e-01,4.485891759395599365e-01,-3.487837314605712891e-01,9.118468314409255981e-02,-3.948808908462524414e-01,-6.702242046594619751e-02,-4.773369058966636658e-02,3.866826295852661133e-01,4.230743348598480225e-01,2.180379629135131836e-01,8.389392867684364319e-03,-3.434854326769709587e-03,2.679193317890167236e-01,1.203963384032249451e-01,3.498259186744689941e-01,-2.027544826269149780e-01,9.495401382446289062e-01,8.979697525501251221e-02,8.496421575546264648e-02,3.758845850825309753e-02,-1.303154379129409790e-01,-1.775937825441360474e-01,6.138116121292114258e-01,1.006321072578430176e+00,-9.591654688119888306e-02,9.522189199924468994e-02,-8.895739912986755371e-02
1.243606675416231155e-04,3.434647992253303528e-02,7.847825884819030762e-01,9.944303035736083984e-01,-8.184623718261718750e-02,-6.114684417843818665e-02,-2.731276862323284149e-02,3.687543561682105064e-03,1.048743575811386108e-01,1.173987686634063721e-01,4.455948472023010254e-01,-3.466916084289550781e-01,9.103734791278839111e-02,-4.064364433288574219e-01,-6.448031961917877197e-02,-5.320259928703308105e-02,4.030256271362304688e-01,4.232103228569030762e-01,2.159137427806854248e-01,8.980263024568557739e-03,-3.902090946212410927e-03,2.655772864818572998e-01,1.257442831993103027e-01,3.540295958518981934e-01,-1.796575784683227539e-01,9.553058147430419922e-01,8.034454286098480225e-02,8.598167449235916138e-02,3.724746033549308777e-02,-1.298518925905227661e-01,-1.773170679807662964e-01,6.196362376213073730e-01,1.001853466033935547e+00,-9.776491671800613403e-02,9.316053241491317749e-02,-8.057342469692230225e-02
2.329398412257432938e-04,3.415046259760856628e-02,7.851496338844299316e-01,9.944303035736083984e-01,-8.236794173717498779e-02,-5.970448255538940430e-02,-2.954535745084285736e-02,2.046676119789481163e-03,1.078264117240905762e-01,1.215003356337547302e-01,4.444202780723571777e-01,-3.470207452774047852e-01,9.057863801717758179e-02,-4.184933006763458252e-01,-6.731422245502471924e-02,-6.887582689523696899e-02,4.191654026508331299e-01,4.229237735271453857e-01,2.072635293006896973e-01,9.883328340947628021e-03,-3.451019991189241409e-03,2.651215195655822754e-01,1.290376335382461548e-01,3.568097949028015137e-01,-1.579492539167404175e-01,9.570466876029968262e-01,6.908140331506729126e-02,8.509469032287597656e-02,3.920678421854972839e-02,-1.330765634775161743e-01,-1.800262182950973511e-01,6.223081350326538086e-01,9.982308149337768555e-01,-9.876773506402969360e-02,9.083113819360733032e-02,-7.738334685564041138e-02
6.887752097100019455e-04,3.426365554332733154e-02,7.853933572769165039e-01,9.943689107894897461e-01,-8.286407589912414551e-02,-5.891022086143493652e-02,-3.124282509088516235e-02,7.555224001407623291e-04,1.103250458836555481e-01,1.246047765016555786e-01,4.452125132083892822e-01,-3.479274213314056396e-01,9.058290719985961914e-02,-4.285242259502410889e-01,-7.318925112485885620e-02,-8.718063682317733765e-02,4.333859384059906006e-01,4.255951046943664551e-01,1.942737251520156860e-01,1.111789233982563019e-02,-1.954642124474048615e-03,2.662832438945770264e-01,1.291711032390594482e-01,3.580817580223083496e-01,-1.406289339065551758e-01,9.567500352859497070e-01,5.760343372821807861e-02,8.375757932662963867e-02,4.214762896299362183e-02,-1.377400606870651245e-01,-1.841690540313720703e-01,6.204895973205566406e-01,9.971765875816345215e-01,-9.847885370254516602e-02,8.950138092041015625e-02,-8.063778281211853027e-02
8.372017182409763336e-04,3.444905951619148254e-02,7.853646874427795410e-01,9.942461252212524414e-01,-8.324263989925384521e-02,-5.874867737293243408e-02,-3.222122415900230408e-02,5.084422882646322250e-04,1.113759726285934448e-01,1.264940500259399414e-01,4.463753104209899902e-01,-3.486683070659637451e-01,9.129346907138824463e-02,-4.336819946765899658e-01,-7.864170521497726440e-02,-1.016365662217140198e-01,4.400774836540222168e-01,4.310932755470275879e-01,1.853825300931930542e-01,1.249816920608282089e-02,3.968887613154947758e-04,2.689205110073089600e-01,1.252821683883666992e-01,3.576182723045349121e-01,-1.314030140638351440e-01,9.573708772659301758e-01,4.744458571076393127e-02,8.273655176162719727e-02,4.489805921912193298e-02,-1.429217457771301270e-01,-1.886078268289566040e-01,6.176741719245910645e-01,9.978208541870117188e-01,-9.641549736261367798e-02,8.940953016281127930e-02,-8.724699914455413818e-02
1.459771767258644104e-03,3.489714115858078003e-02,7.850458621978759766e-01,9.943075180053710938e-01,-8.332957327365875244e-02,-5.911335721611976624e-02,-3.147494792938232422e-02,2.094822702929377556e-03,1.104631572961807251e-01,1.245021075010299683e-01,4.466036558151245117e-01,-3.510103821754455566e-01,9.135983884334564209e-02,-4.367888867855072021e-01,-8.170040696859359741e-02,-1.052927747368812561e-01,4.420588314533233643e-01,4.437057971954345703e-01,1.863811314105987549e-01,1.142679713666439056e-02,3.335331799462437630e-03,2.711759805679321289e-01,1.166303306818008423e-01,3.563096821308135986e-01,-1.325472742319107056e-01,9.585465788841247559e-01,4.461579397320747375e-02,8.391894400119781494e-02,4.410072788596153259e-02,-1.473986357450485229e-01,-1.928737014532089233e-01,6.144931316375732422e-01,1.001250267028808594e+00,-8.948107063770294189e-02,8.662295341491699219e-02,-9.333328157663345337e-02
1.824297942221164703e-03,3.546733409166336060e-02,7.848109602928161621e-01,9.943689107894897461e-01,-8.280269801616668701e-02,-5.964678898453712463e-02,-2.854974381625652313e-02,4.415159113705158234e-03,1.064840331673622131e-01,1.206258088350296021e-01,4.458712935447692871e-01,-3.519052267074584961e-01,9.178666770458221436e-02,-4.344677329063415527e-01,-8.289487659931182861e-02,-9.925283491611480713e-02,4.364802837371826172e-01,4.399334788322448730e-01,1.941540390253067017e-01,9.108729660511016846e-03,5.256162025034427643e-03,2.735355198383331299e-01,1.013773158192634583e-01,3.561969995498657227e-01,-1.457642614841461182e-01,9.556244015693664551e-01,5.660464242100715637e-02,8.890615403652191162e-02,3.953316062688827515e-02,-1.506036072969436646e-01,-1.954947859048843384e-01,6.056637167930603027e-01,1.006785511970520020e+00,-8.406854420900344849e-02,8.825717121362686157e-02,-1.007018685340881348e-01
2.629002090543508530e-03,3.586297482252120972e-02,7.849668860435485840e-01,9.944303035736083984e-01,-8.328860253095626831e-02,-5.962776392698287964e-02,-2.455847524106502533e-02,3.266122424975037575e-03,1.047479808330535889e-01,1.145719811320304871e-01,4.459966123104095459e-01,-3.512521386146545410e-01,9.218908846378326416e-02,-4.323776960372924805e-01,-8.220268785953521729e-02,-9.236703068017959595e-02,4.269917905330657959e-01,4.317379295825958252e-01,1.968860626220703125e-01,8.382184430956840515e-03,8.798304013907909393e-03,2.744893431663513184e-01,8.209857344627380371e-02,3.579314947128295898e-01,-1.637393683195114136e-01,9.433220624923706055e-01,7.960721105337142944e-02,9.272865206003189087e-02,3.231463953852653503e-02,-1.522688716650009155e-01,-1.965014934539794922e-01,5.920821428298950195e-01,1.012169480323791504e+00,-7.844688743352890015e-02,9.554504603147506714e-02,-1.058709248900413513e-01
2.741815056651830673e-03,3.611483424901962280e-02,7.854107618331909180e-01,9.944303035736083984e-01,-8.473096042871475220e-02,-5.878382921218872070e-02,-1.939129829406738281e-02,-7.761414744891226292e-04,1.057393774390220642e-01,1.036558747291564941e-01,4.475369751453399658e-01,-3.518350720405578613e-01,9.072545170783996582e-02,-4.359018504619598389e-01,-7.986497879028320312e-02,-8.515204489231109619e-02,4.201279282569885254e-01,4.424192011356353760e-01,2.003939747810363770e-01,5.542885977774858475e-03,1.303320284932851791e-02,2.739947736263275146e-01,6.337912380695343018e-02,3.600421249866485596e-01,-1.786456853151321411e-01,9.203053712844848633e-01,1.007979288697242737e-01,9.405807405710220337e-02,2.792355976998806000e-02,-1.512850821018218994e-01,-1.937343031167984009e-01,5.772996544837951660e-01,1.017909169197082520e+00,-6.876993179321289062e-02,9.959921985864639282e-02,-1.090610027313232422e-01
2.569263800978660583e-03,3.613156452775001526e-02,7.858164906501770020e-01,9.945530295372009277e-01,-8.656158298254013062e-02,-5.774863809347152710e-02,-1.353579573333263397e-02,-7.316693663597106934e-03,1.084297224879264832e-01,9.207631647586822510e-02,4.516290724277496338e-01,-3.512870967388153076e-01,8.803222328424453735e-02,-4.390089809894561768e-01,-8.099258691072463989e-02,-8.543688058853149414e-02,4.157947301864624023e-01,4.540777802467346191e-01,1.992854028940200806e-01,7.813228876329958439e-04,1.626032590866088867e-02,2.738767266273498535e-01,5.288312956690788269e-02,3.614219427108764648e-01,-1.872597783803939819e-01,8.893477320671081543e-01,1.181475594639778137e-01,8.974465727806091309e-02,2.505798079073429108e-02,-1.547717005014419556e-01,-1.907671838998794556e-01,5.654596686363220215e-01,1.020966768264770508e+00,-6.879824399948120117e-02,1.059231683611869812e-01,-1.091746613383293152e-01
2.381234429776668549e-03,3.592388704419136047e-02,7.862472534179687500e-01,9.944916367530822754e-01,-8.810126036405563354e-02,-5.629458650946617126e-02,-8.160720579326152802e-03,-1.475004386156797409e-02,1.110605522990226746e-01,8.162952959537506104e-02,4.557873010635375977e-01,-3.499110937118530273e-01,8.440768718719482422e-02,-4.449679255485534668e-01,-8.270130306482315063e-02,-8.601978421211242676e-02,4.102429747581481934e-01,4.728029072284698486e-01,2.022195160388946533e-01,-2.877621212974190712e-03,1.787248440086841583e-02,2.731081843376159668e-01,4.267721995711326599e-02,3.626546561717987061e-01,-1.896843016147613525e-01,8.566963076591491699e-01,1.201380044221878052e-01,8.060407638549804688e-02,2.957902848720550537e-02,-1.562454551458358765e-01,-1.868419647216796875e-01,5.607669949531555176e-01,1.018995285034179688e+00,-6.989753246307373047e-02,1.090245172381401062e-01,-1.092268452048301697e-01
2.087314147502183914e-03,3.574130684137344360e-02,7.866270542144775391e-01,9.944303035736083984e-01,-8.930354565382003784e-02,-5.520861968398094177e-02,-3.381489543244242668e-03,-2.164083905518054962e-02,1.128090843558311462e-01,7.287329435348510742e-02,4.611288011074066162e-01,-3.499704301357269287e-01,8.112037926912307739e-02,-4.512895643711090088e-01,-8.526355028152465820e-02,-8.772902935743331909e-02,4.081421196460723877e-01,4.835746288299560547e-01,2.024017274379730225e-01,-6.411744747310876846e-03,1.801959238946437836e-02,2.730328440666198730e-01,3.511827439069747925e-02,3.624271452426910400e-01,-1.899670064449310303e-01,8.311378359794616699e-01,1.133801639080047607e-01,7.139861583709716797e-02,3.806638717651367188e-02,-1.585624217987060547e-01,-1.838694065809249878e-01,5.612202286720275879e-01,1.013597249984741211e+00,-7.654484361410140991e-02,1.086852476000785828e-01,-1.086519211530685425e-01
1.817990560084581375e-03,3.590585291385650635e-02,7.866688966751098633e-01,9.944303035736083984e-01,-9.034695476293563843e-02,-5.497845634818077087e-02,2.339998463867232203e-04,-2.647356316447257996e-02,1.145759522914886475e-01,6.653242558240890503e-02,4.661658108234405518e-01,-3.503877818584442139e-01,7.906606793403625488e-02,-4.608506262302398682e-01,-8.670240640640258789e-02,-8.551862835884094238e-02,4.132849872112274170e-01,4.901860654354095459e-01,1.998492777347564697e-01,-8.791964501142501831e-03,1.815511845052242279e-02,2.734240889549255371e-01,3.424342721700668335e-02,3.582271337509155273e-01,-1.897290199995040894e-01,8.173727393150329590e-01,1.038827002048492432e-01,6.559494882822036743e-02,4.758870601654052734e-02,-1.614229530096054077e-01,-1.821907460689544678e-01,5.641450881958007812e-01,1.009243845939636230e+00,-8.582239598035812378e-02,1.076043173670768738e-01,-1.098293736577033997e-01
1.950531732290983200e-03,3.614565730094909668e-02,7.866117954254150391e-01,9.943075180053710938e-01,-9.087987989187240601e-02,-5.546097457408905029e-02,2.596376230940222740e-03,-2.870418690145015717e-02,1.149487793445587158e-01,6.218838319182395935e-02,4.724302291870117188e-01,-3.527938127517700195e-01,7.843447476625442505e-02,-4.688674211502075195e-01,-8.591812849044799805e-02,-7.849312573671340942e-02,4.193971455097198486e-01,4.973162114620208740e-01,2.000499665737152100e-01,-9.792465716600418091e-03,1.747808605432510376e-02,2.737024724483489990e-01,3.910358995199203491e-02,3.505446612834930420e-01,-1.906886845827102661e-01,8.141231536865234375e-01,9.327899664640426636e-02,6.207272037863731384e-02,5.605558678507804871e-02,-1.654507964849472046e-01,-1.824567615985870361e-01,5.676507949829101562e-01,1.006881237030029297e+00,-9.288506209850311279e-02,1.057024151086807251e-01,-1.113229244947433472e-01
2.063940744847059250e-03,3.626449778676033020e-02,7.862699627876281738e-01,9.942461252212524414e-01,-9.119243174791336060e-02,-5.650800094008445740e-02,3.978254739195108414e-03,-2.885593660175800323e-02,1.145963221788406372e-01,5.878268927335739136e-02,4.776160120964050293e-01,-3.552337586879730225e-01,7.892137765884399414e-02,-4.753614068031311035e-01,-8.521533757448196411e-02,-7.268413156270980835e-02,4.259893298149108887e-01,5.013443827629089355e-01,1.993980705738067627e-01,-1.003354042768478394e-02,1.695275679230690002e-02,2.738444507122039795e-01,5.054312944412231445e-02,3.404348194599151611e-01,-1.928751617670059204e-01,8.211437463760375977e-01,8.200272917747497559e-02,6.173881143331527710e-02,6.195128709077835083e-02,-1.693157255649566650e-01,-1.825892925262451172e-01,5.691549777984619141e-01,1.008711338043212891e+00,-9.561132639646530151e-02,1.050603762269020081e-01,-1.135884970426559448e-01
2.633367665112018585e-03,3.613266721367835999e-02,7.859810590744018555e-01,9.941233396530151367e-01,-9.098881483078002930e-02,-5.791173875331878662e-02,4.471112973988056183e-03,-2.735186181962490082e-02,1.134777665138244629e-01,5.696028843522071838e-02,4.821579158306121826e-01,-3.586449027061462402e-01,7.999714463949203491e-02,-4.806244969367980957e-01,-8.524233102798461914e-02,-6.969634443521499634e-02,4.322074651718139648e-01,5.036122798919677734e-01,1.961875408887863159e-01,-8.731045760214328766e-03,1.580103673040866852e-02,2.735867202281951904e-01,6.705728918313980103e-02,3.282362818717956543e-01,-1.982750296592712402e-01,8.356805443763732910e-01,7.022763788700103760e-02,6.250455230474472046e-02,6.491013616323471069e-02,-1.727897077798843384e-01,-1.832336187362670898e-01,5.690769553184509277e-01,1.015950679779052734e+00,-9.398223459720611572e-02,1.046129912137985229e-01,-1.154865771532058716e-01
3.177588805556297302e-03,3.615810722112655640e-02,7.854064702987670898e-01,9.940619468688964844e-01,-9.047253429889678955e-02,-5.968055874109268188e-02,4.284551367163658142e-03,-2.405965887010097504e-02,1.115636751055717468e-01,5.654766410589218140e-02,4.856943190097808838e-01,-3.628359138965606689e-01,8.102353662252426147e-02,-4.825789332389831543e-01,-8.350193500518798828e-02,-6.590649485588073730e-02,4.330289363861083984e-01,5.066974759101867676e-01,1.937009245157241821e-01,-6.648413371294736862e-03,1.415824983268976212e-02,2.731398344039916992e-01,8.755536377429962158e-02,3.158401250839233398e-01,-2.058593183755874634e-01,8.571086525917053223e-01,6.134296208620071411e-02,6.418000161647796631e-02,6.436863541603088379e-02,-1.750946789979934692e-01,-1.830750554800033569e-01,5.680276155471801758e-01,1.027143955230712891e+00,-8.944752067327499390e-02,1.048689782619476318e-01,-1.151266247034072876e-01
4.047527443617582321e-03,3.621320053935050964e-02,7.847059369087219238e-01,9.940619468688964844e-01,-8.964363485574722290e-02,-6.167605146765708923e-02,3.756897291168570518e-03,-1.951214484870433807e-02,1.092985346913337708e-01,5.722700431942939758e-02,4.895495474338531494e-01,-3.674365282058715820e-01,8.240044862031936646e-02,-4.786663949489593506e-01,-7.785210758447647095e-02,-6.015384569764137268e-02,4.222529232501983643e-01,5.072100162506103516e-01,1.948582381010055542e-01,-3.748418064787983894e-03,1.165391784161329269e-02,2.724224925041198730e-01,1.096300110220909119e-01,3.049803674221038818e-01,-2.159871757030487061e-01,8.804405927658081055e-01,5.533357337117195129e-02,6.843391060829162598e-02,6.018426269292831421e-02,-1.764154881238937378e-01,-1.824207454919815063e-01,5.678451657295227051e-01,1.040049552917480469e+00,-8.263975381851196289e-02,1.050997897982597351e-01,-1.128561794757843018e-01
4.993142094463109970e-03,3.616935014724731445e-02,7.838776707649230957e-01,9.940619468688964844e-01,-8.835424482822418213e-02,-6.348734349012374878e-02,2.913610078394412994e-03,-1.539747044444084167e-02,1.062951758503913879e-01,5.881196260452270508e-02,4.939126074314117432e-01,-3.721371293067932129e-01,8.390698581933975220e-02,-4.713937938213348389e-01,-7.183147966861724854e-02,-5.482639372348785400e-02,4.050321877002716064e-01,5.041695237159729004e-01,1.979415565729141235e-01,4.108838620595633984e-04,8.634035475552082062e-03,2.709595263004302979e-01,1.310123205184936523e-01,2.976301610469818115e-01,-2.253398448228836060e-01,9.044890999794006348e-01,5.412257835268974304e-02,7.187031209468841553e-02,5.543036386370658875e-02,-1.755972206592559814e-01,-1.818283349275588989e-01,5.688241124153137207e-01,1.052727580070495605e+00,-7.899758219718933105e-02,1.057356595993041992e-01,-1.096694320440292358e-01
5.858349148184061050e-03,3.613955527544021606e-02,7.828613519668579102e-01,9.941233396530151367e-01,-8.718226104974746704e-02,-6.504902243614196777e-02,2.035659737884998322e-03,-1.170355547219514847e-02,1.035477295517921448e-01,5.962248146533966064e-02,4.979156851768493652e-01,-3.761819601058959961e-01,8.542238920927047729e-02,-4.614215195178985596e-01,-6.500759720802307129e-02,-5.238811299204826355e-02,3.831406235694885254e-01,5.051270723342895508e-01,1.998411118984222412e-01,4.639604128897190094e-03,5.518406163901090622e-03,2.685148417949676514e-01,1.513122469186782837e-01,2.926682829856872559e-01,-2.315132319927215576e-01,9.266977310180664062e-01,5.556531623005867004e-02,7.412827759981155396e-02,4.971421137452125549e-02,-1.723417490720748901e-01,-1.795935630798339844e-01,5.704867839813232422e-01,1.064073085784912109e+00,-7.590773701667785645e-02,1.062973216176033020e-01,-1.056441217660903931e-01
6.861514877527952194e-03,3.619004413485527039e-02,7.816799879074096680e-01,9.941233396530151367e-01,-8.518689125776290894e-02,-6.692159920930862427e-02,1.108964555896818638e-03,-7.274900097399950027e-03,9.902184456586837769e-02,6.202647089958190918e-02,5.013391971588134766e-01,-3.801104724407196045e-01,8.693929761648178101e-02,-4.449691474437713623e-01,-6.044529378414154053e-02,-5.314993858337402344e-02,3.547813594341278076e-01,5.064970850944519043e-01,2.080094218254089355e-01,9.797796607017517090e-03,7.370189996436238289e-04,2.664622366428375244e-01,1.671489924192428589e-01,2.911946475505828857e-01,-2.371552586555480957e-01,9.487931728363037109e-01,5.885496735572814941e-02,7.590936124324798584e-02,4.655444994568824768e-02,-1.685391068458557129e-01,-1.782946586608886719e-01,5.728507041931152344e-01,1.074172258377075195e+00,-7.433861494064331055e-02,1.063864156603813171e-01,-1.016485318541526794e-01
7.682046387344598770e-03,3.621658682823181152e-02,7.804371118545532227e-01,9.941847324371337891e-01,-8.275664597749710083e-02,-6.891270726919174194e-02,1.995245402213186026e-04,-1.810134854167699814e-03,9.431529045104980469e-02,6.598795205354690552e-02,5.046732425689697266e-01,-3.832400739192962646e-01,8.839860558509826660e-02,-4.266594946384429932e-01,-5.609190464019775391e-02,-5.347413942217826843e-02,3.268966674804687500e-01,5.066573023796081543e-01,2.174792289733886719e-01,1.555367838591337204e-02,-4.964298103004693985e-03,2.652294337749481201e-01,1.791047155857086182e-01,2.939901947975158691e-01,-2.417822331190109253e-01,9.705742597579956055e-01,6.328184902667999268e-02,7.780973613262176514e-02,4.608268663287162781e-02,-1.634056121110916138e-01,-1.749272197484970093e-01,5.760285258293151855e-01,1.081739425659179688e+00,-6.796789169311523438e-02,1.052572950720787048e-01,-9.651481360197067261e-02
8.386016823351383209e-03,3.635416924953460693e-02,7.792755961418151855e-01,9.941847324371337891e-01,-8.085348457098007202e-02,-7.093864679336547852e-02,-1.197147299535572529e-03,3.727628150954842567e-03,9.028755873441696167e-02,7.008647918701171875e-02,5.072180628776550293e-01,-3.869850933551788330e-01,8.872848749160766602e-02,-4.108187854290008545e-01,-5.240961164236068726e-02,-5.374524742364883423e-02,3.094665110111236572e-01,5.048553943634033203e-01,2.228056639432907104e-01,2.251767180860042572e-02,-1.039917767047882080e-02,2.651902139186859131e-01,1.851023584604263306e-01,2.998301386833190918e-01,-2.439321875572204590e-01,9.914005398750305176e-01,6.671186536550521851e-02,7.870808243751525879e-02,4.738413542509078979e-02,-1.588113605976104736e-01,-1.713319867849349976e-01,5.821413397789001465e-01,1.086185812950134277e+00,-5.745836347341537476e-02,1.030108407139778137e-01,-8.930514007806777954e-02
8.498489856719970703e-03,3.648694232106208801e-02,7.782252430915832520e-01,9.941847324371337891e-01,-7.885824143886566162e-02,-7.302598655223846436e-02,-2.894065110012888908e-03,9.727559983730316162e-03,8.644333481788635254e-02,7.482432574033737183e-02,5.083302855491638184e-01,-3.902369737625122070e-01,8.883205056190490723e-02,-3.954996764659881592e-01,-4.931680485606193542e-02,-5.010404065251350403e-02,2.952617406845092773e-01,4.975388348102569580e-01,2.300164848566055298e-01,3.008583374321460724e-02,-1.524406764656305313e-02,2.659738063812255859e-01,1.849444657564163208e-01,3.086747825145721436e-01,-2.452290952205657959e-01,1.009876251220703125e+00,6.818892806768417358e-02,8.071976155042648315e-02,5.088218301534652710e-02,-1.537919789552688599e-01,-1.680348813533782959e-01,5.909366607666015625e-01,1.086817502975463867e+00,-4.474594816565513611e-02,1.011976301670074463e-01,-8.209192752838134766e-02
8.108988404273986816e-03,3.654025495052337646e-02,7.776440382003784180e-01,9.941847324371337891e-01,-7.756900787353515625e-02,-7.440730929374694824e-02,-4.446615464985370636e-03,1.417879294604063034e-02,8.390650153160095215e-02,7.778055220842361450e-02,5.072944760322570801e-01,-3.913151323795318604e-01,9.007143974304199219e-02,-3.821558654308319092e-01,-4.816005751490592957e-02,-4.637325927615165710e-02,2.848491668701171875e-01,4.858836829662322998e-01,2.350983321666717529e-01,3.607502579689025879e-02,-1.929224096238613129e-02,2.674871087074279785e-01,1.800792068243026733e-01,3.188337981700897217e-01,-2.433142066001892090e-01,1.023804664611816406e+00,6.839673966169357300e-02,8.253486454486846924e-02,5.351440981030464172e-02,-1.498075276613235474e-01,-1.655731201171875000e-01,5.998403429985046387e-01,1.081791400909423828e+00,-3.576772287487983704e-02,1.001204699277877808e-01,-7.452099025249481201e-02
7.391043938696384430e-03,3.643394261598587036e-02,7.780392169952392578e-01,9.941233396530151367e-01,-7.818775624036788940e-02,-7.441190630197525024e-02,-5.458364728838205338e-03,1.513894554227590561e-02,8.548247069120407104e-02,7.777554541826248169e-02,5.039966702461242676e-01,-3.890267908573150635e-01,9.162501245737075806e-02,-3.727670907974243164e-01,-4.498236626386642456e-02,-4.123569279909133911e-02,2.735113501548767090e-01,4.884984195232391357e-01,2.382645159959793091e-01,3.852435201406478882e-02,-1.928054168820381165e-02,2.681069374084472656e-01,1.711015850305557251e-01,3.290492296218872070e-01,-2.381694018840789795e-01,1.031684637069702148e+00,6.774649769067764282e-02,8.550979197025299072e-02,5.413298308849334717e-02,-1.462399661540985107e-01,-1.653220057487487793e-01,6.047937870025634766e-01,1.071553468704223633e+00,-3.370538353919982910e-02,9.957584738731384277e-02,-6.943038851022720337e-02
6.094707176089286804e-03,3.656325861811637878e-02,7.792947292327880859e-01,9.940005540847778320e-01,-8.120618760585784912e-02,-7.316232472658157349e-02,-6.251408252865076065e-03,1.251164358109235764e-02,9.334770590066909790e-02,7.484143227338790894e-02,5.007548928260803223e-01,-3.846787810325622559e-01,9.246700257062911987e-02,-3.726026117801666260e-01,-4.014415293931961060e-02,-3.589958697557449341e-02,2.753527760505676270e-01,5.015076398849487305e-01,2.367551773786544800e-01,3.690440952777862549e-02,-1.357474457472562790e-02,2.689557373523712158e-01,1.585279852151870728e-01,3.377186954021453857e-01,-2.302802801132202148e-01,1.034453392028808594e+00,7.006748765707015991e-02,8.725894242525100708e-02,5.153549462556838989e-02,-1.443362385034561157e-01,-1.672163307666778564e-01,6.082574129104614258e-01,1.060606479644775391e+00,-3.839604556560516357e-02,9.850974380970001221e-02,-6.863978505134582520e-02
4.880886059254407883e-03,3.667439520359039307e-02,7.807888388633728027e-01,9.938163161277770996e-01,-8.472189307212829590e-02,-7.139485329389572144e-02,-6.271219812333583832e-03,8.566780015826225281e-03,1.019959002733230591e-01,7.127898931503295898e-02,4.955934882164001465e-01,-3.795186579227447510e-01,9.260485321283340454e-02,-3.742759823799133301e-01,-3.776796907186508179e-02,-3.056348487734794617e-02,2.830720543861389160e-01,5.127758979797363281e-01,2.365724295377731323e-01,3.188647702336311340e-02,-5.942521616816520691e-03,2.703999578952789307e-01,1.437689810991287231e-01,3.444725871086120605e-01,-2.248826771974563599e-01,1.030642867088317871e+00,7.573410123586654663e-02,8.960182219743728638e-02,4.929499700665473938e-02,-1.454808413982391357e-01,-1.702642738819122314e-01,6.102526783943176270e-01,1.052106142044067383e+00,-4.774528741836547852e-02,9.765883535146713257e-02,-7.103986293077468872e-02
3.662179689854383469e-03,3.695979714393615723e-02,7.825469970703125000e-01,9.936934709548950195e-01,-8.780349045991897583e-02,-6.953029334545135498e-02,-5.802868399769067764e-03,5.762844812124967575e-03,1.094272956252098083e-01,6.892020255327224731e-02,4.875462949275970459e-01,-3.724670410156250000e-01,9.111709147691726685e-02,-3.799899816513061523e-01,-4.051298648118972778e-02,-2.850536629557609558e-02,3.047600388526916504e-01,5.101729631423950195e-01,2.336818426847457886e-01,2.566690184175968170e-02,1.646636170335114002e-03,2.726354002952575684e-01,1.272874176502227783e-01,3.506551384925842285e-01,-2.232988774776458740e-01,1.020986080169677734e+00,8.359306305646896362e-02,9.036906808614730835e-02,4.767055436968803406e-02,-1.501194536685943604e-01,-1.743752062320709229e-01,6.097976565361022949e-01,1.047464847564697266e+00,-5.908500775694847107e-02,9.786920249462127686e-02,-7.491899281740188599e-02
2.415732946246862411e-03,3.753936290740966797e-02,7.844071984291076660e-01,9.935706257820129395e-01,-9.033298492431640625e-02,-6.748098134994506836e-02,-5.344660021364688873e-03,3.132437588647007942e-03,1.153064370155334473e-01,6.715240329504013062e-02,4.773061573505401611e-01,-3.637779057025909424e-01,8.931965380907058716e-02,-3.862681984901428223e-01,-4.524102061986923218e-02,-2.589345350861549377e-02,3.295940756797790527e-01,5.032085776329040527e-01,2.306989133358001709e-01,1.869610510766506195e-02,8.446158841252326965e-03,2.747295498847961426e-01,1.103912368416786194e-01,3.559101819992065430e-01,-2.236410528421401978e-01,1.006273508071899414e+00,9.153742343187332153e-02,9.001973271369934082e-02,4.797697067260742188e-02,-1.565784364938735962e-01,-1.789272129535675049e-01,6.097198724746704102e-01,1.047341823577880859e+00,-7.135582715272903442e-02,9.926663339138031006e-02,-7.962042093276977539e-02
1.290600281208753586e-03,3.790693730115890503e-02,7.861224412918090820e-01,9.935092329978942871e-01,-9.251946955919265747e-02,-6.533496081829071045e-02,-5.711313802748918533e-03,5.625108606182038784e-04,1.213735789060592651e-01,6.619983911514282227e-02,4.669452905654907227e-01,-3.540395498275756836e-01,8.704932779073715210e-02,-3.932916224002838135e-01,-5.058147758245468140e-02,-2.528336644172668457e-02,3.536920845508575439e-01,4.928847551345825195e-01,2.247617095708847046e-01,1.286006439477205276e-02,1.486845128238201141e-02,2.765563428401947021e-01,9.485474973917007446e-02,3.602723777294158936e-01,-2.231359183788299561e-01,9.860352277755737305e-01,9.693380445241928101e-02,8.813560009002685547e-02,5.049714073538780212e-02,-1.644553691148757935e-01,-1.830969452857971191e-01,6.087656021118164062e-01,1.049415826797485352e+00,-8.183932304382324219e-02,1.007584258913993835e-01,-8.313911408185958862e-02
-6.380770355463027954e-05,3.848817199468612671e-02,7.875629067420959473e-01,9.935706257820129395e-01,-9.404950588941574097e-02,-6.305801123380661011e-02,-7.023189682513475418e-03,-1.952096004970371723e-03,1.251780539751052856e-01,6.700951606035232544e-02,4.554850459098815918e-01,-3.449442088603973389e-01,8.505018800497055054e-02,-3.999456465244293213e-01,-5.596217140555381775e-02,-2.335603535175323486e-02,3.722340464591979980e-01,4.839419722557067871e-01,2.196359932422637939e-01,7.934648543596267700e-03,1.979315839707851410e-02,2.774209380149841309e-01,8.131009340286254883e-02,3.630605340003967285e-01,-2.204114198684692383e-01,9.624429941177368164e-01,1.011308655142784119e-01,8.400822430849075317e-02,5.630860477685928345e-02,-1.730051934719085693e-01,-1.867290735244750977e-01,6.074094176292419434e-01,1.051942825317382812e+00,-9.044130146503448486e-02,1.031684055924415588e-01,-8.580999076366424561e-02
-1.323626376688480377e-03,3.885623067617416382e-02,7.885251641273498535e-01,9.935706257820129395e-01,-9.463308751583099365e-02,-6.112296134233474731e-02,-9.390168823301792145e-03,-3.266664920374751091e-03,1.274682730436325073e-01,6.974909454584121704e-02,4.448666572570800781e-01,-3.383063077926635742e-01,8.400697261095046997e-02,-4.054523110389709473e-01,-5.808482319116592407e-02,-1.583890430629253387e-02,3.878890573978424072e-01,4.735166132450103760e-01,2.186533957719802856e-01,4.442565143108367920e-03,2.231812477111816406e-02,2.781312465667724609e-01,7.055760174989700317e-02,3.645337522029876709e-01,-2.154741883277893066e-01,9.347827434539794922e-01,1.009768322110176086e-01,7.751621305942535400e-02,6.342124193906784058e-02,-1.805765628814697266e-01,-1.906291097402572632e-01,6.048054695129394531e-01,1.051297664642333984e+00,-9.403068572282791138e-02,1.047161519527435303e-01,-8.793895691633224487e-02
-2.585282316431403160e-03,3.945799171924591064e-02,7.890640497207641602e-01,9.936934709548950195e-01,-9.422214329242706299e-02,-5.945700034499168396e-02,-1.244765706360340118e-02,-3.820502664893865585e-03,1.276311725378036499e-01,7.448113709688186646e-02,4.348687529563903809e-01,-3.324938714504241943e-01,8.316773176193237305e-02,-4.107434451580047607e-01,-6.028335914015769958e-02,-7.643477059900760651e-03,4.050754904747009277e-01,4.606186151504516602e-01,2.188133895397186279e-01,1.885180128738284111e-03,2.255184762179851532e-02,2.788766622543334961e-01,6.242218613624572754e-02,3.639481067657470703e-01,-2.087831199169158936e-01,9.069491028785705566e-01,1.015974879264831543e-01,6.965621560811996460e-02,7.198520004749298096e-02,-1.868351250886917114e-01,-1.943340748548507690e-01,6.010147929191589355e-01,1.047609210014343262e+00,-9.486935287714004517e-02,1.070352494716644287e-01,-9.144613891839981079e-02
-3.665352240204811096e-03,3.992268443107604980e-02,7.892665266990661621e-01,9.938777685165405273e-01,-9.294574707746505737e-02,-5.824845656752586365e-02,-1.616648025810718536e-02,-3.342825220897793770e-03,1.258439421653747559e-01,8.156446367502212524e-02,4.263540208339691162e-01,-3.280849754810333252e-01,8.335802704095840454e-02,-4.110977053642272949e-01,-6.093384325504302979e-02,1.966829178854823112e-03,4.203939139842987061e-01,4.460694789886474609e-01,2.250927537679672241e-01,5.247383960522711277e-04,2.122444659471511841e-02,2.793604731559753418e-01,5.598037317395210266e-02,3.623837232589721680e-01,-2.012405395507812500e-01,8.811711668968200684e-01,1.019522920250892639e-01,6.181916967034339905e-02,8.017472177743911743e-02,-1.913329958915710449e-01,-1.971788257360458374e-01,5.959033370018005371e-01,1.040306568145751953e+00,-9.419698268175125122e-02,1.090731546282768250e-01,-9.559635072946548462e-02
-4.959510639309883118e-03,4.031955450773239136e-02,7.892903089523315430e-01,9.939391613006591797e-01,-9.198819100856781006e-02,-5.687854439020156860e-02,-2.044480480253696442e-02,-4.378972109407186508e-03,1.248665526509284973e-01,8.776450902223587036e-02,4.202401638031005859e-01,-3.248969316482543945e-01,8.327931165695190430e-02,-4.124228656291961670e-01,-6.130096316337585449e-02,6.688531953841447830e-03,4.360098540782928467e-01,4.406023621559143066e-01,2.296233773231506348e-01,-3.106541698798537254e-04,2.042520418763160706e-02,2.785385549068450928e-01,5.080595239996910095e-02,3.586560189723968506e-01,-1.933021545410156250e-01,8.612955808639526367e-01,1.015729829668998718e-01,5.607089400291442871e-02,8.725028485059738159e-02,-1.938475370407104492e-01,-1.991022378206253052e-01,5.915165543556213379e-01,1.033055543899536133e+00,-9.283164143562316895e-02,1.119253709912300110e-01,-9.968380630016326904e-02
-5.908769089728593826e-03,4.079314693808555603e-02,7.892709970474243164e-01,9.940619468688964844e-01,-9.068743139505386353e-02,-5.555142462253570557e-02,-2.496667392551898956e-02,-4.866653122007846832e-03,1.228829994797706604e-01,9.459207206964492798e-02,4.145337045192718506e-01,-3.228529989719390869e-01,8.361411839723587036e-02,-4.138071537017822266e-01,-6.233011186122894287e-02,1.268187910318374634e-02,4.597639739513397217e-01,4.274186193943023682e-01,2.333137840032577515e-01,-4.701326251961290836e-04,1.933667808771133423e-02,2.769252657890319824e-01,4.626413807272911072e-02,3.531106710433959961e-01,-1.851046979427337646e-01,8.466631174087524414e-01,1.028079763054847717e-01,5.174087360501289368e-02,9.198002517223358154e-02,-1.951614469289779663e-01,-2.007651180028915405e-01,5.889169573783874512e-01,1.026233673095703125e+00,-9.080702811479568481e-02,1.140948310494422913e-01,-1.026884689927101135e-01
-6.886802148073911667e-03,4.120208323001861572e-02,7.893303632736206055e-01,9.941233396530151367e-01,-8.917763084173202515e-02,-5.399774760007858276e-02,-2.904028818011283875e-02,-5.664185155183076859e-03,1.203782856464385986e-01,1.002620011568069458e-01,4.082815647125244141e-01,-3.200653493404388428e-01,8.388516306877136230e-02,-4.134291112422943115e-01,-6.484954804182052612e-02,1.516503654420375824e-02,4.833077788352966309e-01,4.078512787818908691e-01,2.361863702535629272e-01,-1.017520437017083168e-03,1.805413328111171722e-02,2.740471065044403076e-01,4.120928794145584106e-02,3.466742336750030518e-01,-1.779775619506835938e-01,8.386771082878112793e-01,1.045312508940696716e-01,5.109803751111030579e-02,9.548518806695938110e-02,-1.947277784347534180e-01,-2.018779069185256958e-01,5.880466699600219727e-01,1.020315647125244141e+00,-9.123624116182327271e-02,1.168906092643737793e-01,-1.035075634717941284e-01
-7.814070209860801697e-03,4.166675731539726257e-02,7.894409894943237305e-01,9.942461252212524414e-01,-8.781607449054718018e-02,-5.237963423132896423e-02,-3.215216100215911865e-02,-6.823975127190351486e-03,1.177700385451316833e-01,1.039850190281867981e-01,4.039527773857116699e-01,-3.179727494716644287e-01,8.413321524858474731e-02,-4.111980795860290527e-01,-6.602527946233749390e-02,1.752634532749652863e-02,5.092483162879943848e-01,3.830442428588867188e-01,2.377037405967712402e-01,-1.678229542449116707e-03,1.723824068903923035e-02,2.705309391021728516e-01,3.597259521484375000e-02,3.398981988430023193e-01,-1.729922592639923096e-01,8.354113101959228516e-01,1.069977730512619019e-01,5.252357199788093567e-02,9.565778076648712158e-02,-1.929292231798171997e-01,-2.021728008985519409e-01,5.884657502174377441e-01,1.016558647155761719e+00,-9.216575324535369873e-02,1.186435073614120483e-01,-1.031296700239181519e-01
-8.471039123833179474e-03,4.194641113281250000e-02,7.895079851150512695e-01,9.943689107894897461e-01,-8.676175773143768311e-02,-5.063915625214576721e-02,-3.451902419328689575e-02,-8.748209103941917419e-03,1.155775338411331177e-01,1.052786782383918762e-01,4.005010724067687988e-01,-3.159782886505126953e-01,8.392012119293212891e-02,-4.075253009796142578e-01,-6.565549969673156738e-02,1.963502541184425354e-02,5.365517139434814453e-01,3.575619459152221680e-01,2.381629943847656250e-01,-3.343232907354831696e-03,1.691954024136066437e-02,2.662091553211212158e-01,3.017607331275939941e-02,3.329476416110992432e-01,-1.681715697050094604e-01,8.361532092094421387e-01,1.111075729131698608e-01,5.544320866465568542e-02,9.427998214960098267e-02,-1.898766309022903442e-01,-2.019117176532745361e-01,5.903315544128417969e-01,1.015350937843322754e+00,-9.562831372022628784e-02,1.203515678644180298e-01,-1.016496568918228149e-01
-8.985448628664016724e-03,4.188533499836921692e-02,7.895673513412475586e-01,9.944916367530822754e-01,-8.570770174264907837e-02,-4.880705475807189941e-02,-3.581127524375915527e-02,-1.184560358524322510e-02,1.135646253824234009e-01,1.045922860503196716e-01,3.980371356010437012e-01,-3.132388889789581299e-01,8.392172306776046753e-02,-4.023311436176300049e-01,-6.303790211677551270e-02,2.300701476633548737e-02,5.619384050369262695e-01,3.331823348999023438e-01,2.393828779458999634e-01,-5.000319797545671463e-03,1.676568388938903809e-02,2.618992030620574951e-01,2.437085472047328949e-02,3.267540633678436279e-01,-1.652018725872039795e-01,8.399534225463867188e-01,1.160645261406898499e-01,5.834951996803283691e-02,9.236575663089752197e-02,-1.863441467285156250e-01,-2.003112584352493286e-01,5.925759077072143555e-01,1.015640497207641602e+00,-9.985471516847610474e-02,1.216127574443817139e-01,-9.938526153564453125e-02
-9.231226518750190735e-03,4.183393344283103943e-02,7.895600199699401855e-01,9.946757555007934570e-01,-8.486345410346984863e-02,-4.680376127362251282e-02,-3.651030734181404114e-02,-1.584325730800628662e-02,1.115923374891281128e-01,1.024530902504920959e-01,3.971382379531860352e-01,-3.115880489349365234e-01,8.397796005010604858e-02,-3.947658836841583252e-01,-5.899332091212272644e-02,2.490065619349479675e-02,5.816155672073364258e-01,3.153832256793975830e-01,2.410973310470581055e-01,-6.272193510085344315e-03,1.673461310565471649e-02,2.568948566913604736e-01,1.869594864547252655e-02,3.209656178951263428e-01,-1.631771177053451538e-01,8.443157076835632324e-01,1.214384734630584717e-01,6.125905737280845642e-02,9.054908901453018188e-02,-1.818590015172958374e-01,-1.987729072570800781e-01,5.953496694564819336e-01,1.017777204513549805e+00,-1.032955870032310486e-01,1.224272027611732483e-01,-9.679599851369857788e-02
-9.466156363487243652e-03,4.142730310559272766e-02,7.893449068069458008e-01,9.947984814643859863e-01,-8.368725329637527466e-02,-4.469660297036170959e-02,-3.644444793462753296e-02,-2.020747959613800049e-02,1.091842502355575562e-01,1.003572419285774231e-01,3.961356878280639648e-01,-3.101239204406738281e-01,8.375409245491027832e-02,-3.810995519161224365e-01,-5.032776296138763428e-02,3.486143425107002258e-02,5.903177857398986816e-01,2.991352379322052002e-01,2.485019266605377197e-01,-7.643066812306642532e-03,1.621000096201896667e-02,2.510741055011749268e-01,1.393953803926706314e-02,3.165464103221893311e-01,-1.628038138151168823e-01,8.500153422355651855e-01,1.259071975946426392e-01,6.461875885725021362e-02,8.901267498731613159e-02,-1.770426630973815918e-01,-1.971156895160675049e-01,5.988128185272216797e-01,1.020746946334838867e+00,-1.055869013071060181e-01,1.233936101198196411e-01,-9.532064199447631836e-02
-9.418178349733352661e-03,4.106713831424713135e-02,7.891814112663269043e-01,9.950438737869262695e-01,-8.259318023920059204e-02,-4.232402145862579346e-02,-3.553070873022079468e-02,-2.567711099982261658e-02,1.067080423235893250e-01,9.685769677162170410e-02,3.961279988288879395e-01,-3.098595142364501953e-01,8.274864405393600464e-02,-3.639355897903442383e-01,-4.358632862567901611e-02,4.099134728312492371e-02,5.916481018066406250e-01,2.842290699481964111e-01,2.538400292396545410e-01,-8.327587507665157318e-03,1.556398347020149231e-02,2.450998872518539429e-01,1.031339634209871292e-02,3.128594160079956055e-01,-1.630639284849166870e-01,8.549540638923645020e-01,1.292636990547180176e-01,6.713477522134780884e-02,8.830971270799636841e-02,-1.733185052871704102e-01,-1.960169523954391479e-01,6.029239296913146973e-01,1.024330377578735352e+00,-1.053395941853523254e-01,1.235481277108192444e-01,-9.492078423500061035e-02
-9.154167957603931427e-03,3.993948549032211304e-02,7.890062928199768066e-01,9.952892065048217773e-01,-8.122368901968002319e-02,-3.995261341333389282e-02,-3.405017405748367310e-02,-3.094212710857391357e-02,1.038751602172851562e-01,9.341961890459060669e-02,3.963333368301391602e-01,-3.083778619766235352e-01,8.169254660606384277e-02,-3.420635759830474854e-01,-3.872644156217575073e-02,4.508245736360549927e-02,5.827045440673828125e-01,2.675276994705200195e-01,2.574305236339569092e-01,-8.506042882800102234e-03,1.472675707191228867e-02,2.385016232728958130e-01,9.298755787312984467e-03,3.100834786891937256e-01,-1.632074564695358276e-01,8.599332571029663086e-01,1.316321939229965210e-01,7.154893875122070312e-02,8.836884796619415283e-02,-1.692098081111907959e-01,-1.951369643211364746e-01,6.091335415840148926e-01,1.028537988662719727e+00,-1.077431887388229370e-01,1.246216744184494019e-01,-9.462554752826690674e-02
-8.800258859992027283e-03,3.902824223041534424e-02,7.889096736907958984e-01,9.955957531929016113e-01,-7.981931418180465698e-02,-3.742679953575134277e-02,-3.216221928596496582e-02,-3.612360730767250061e-02,1.011092141270637512e-01,8.830904215574264526e-02,3.959598243236541748e-01,-3.072079718112945557e-01,8.044205605983734131e-02,-3.168884217739105225e-01,-3.651269152760505676e-02,4.493416100740432739e-02,5.638979077339172363e-01,2.542954385280609131e-01,2.589759826660156250e-01,-8.034613914787769318e-03,1.379754859954118729e-02,2.314417809247970581e-01,9.888807311654090881e-03,3.071628510951995850e-01,-1.639337241649627686e-01,8.645120263099670410e-01,1.312353610992431641e-01,7.502555102109909058e-02,8.848578482866287231e-02,-1.659308373928070068e-01,-1.940664798021316528e-01,6.165122985839843750e-01,1.033642053604125977e+00,-1.086927205324172974e-01,1.250818371772766113e-01,-9.298208355903625488e-02
-8.186466060578823090e-03,3.802344575524330139e-02,7.888041734695434570e-01,9.958409667015075684e-01,-7.802224904298782349e-02,-3.502727299928665161e-02,-2.980229258537292480e-02,-4.036289826035499573e-02,9.707657992839813232e-02,8.338217437267303467e-02,3.940578699111938477e-01,-3.052799999713897705e-01,7.888872176408767700e-02,-2.866846621036529541e-01,-3.559766709804534912e-02,4.471732676029205322e-02,5.334908962249755859e-01,2.436032742261886597e-01,2.604911327362060547e-01,-6.726480089128017426e-03,1.169637870043516159e-02,2.249678969383239746e-01,1.172125153243541718e-02,3.052096366882324219e-01,-1.668362021446228027e-01,8.689843416213989258e-01,1.293171793222427368e-01,7.752124965190887451e-02,8.899505436420440674e-02,-1.632886528968811035e-01,-1.934598535299301147e-01,6.258934140205383301e-01,1.037619590759277344e+00,-1.110487356781959534e-01,1.257186681032180786e-01,-9.192407131195068359e-02
-7.532379124313592911e-03,3.696117177605628967e-02,7.886675000190734863e-01,9.962086081504821777e-01,-7.566529512405395508e-02,-3.264788910746574402e-02,-2.755503356456756592e-02,-4.324343428015708923e-02,9.222513437271118164e-02,7.893413305282592773e-02,3.904096484184265137e-01,-3.024009168148040771e-01,7.765596359968185425e-02,-2.555620372295379639e-01,-3.753731399774551392e-02,4.337622597813606262e-02,4.936736822128295898e-01,2.329856753349304199e-01,2.615228891372680664e-01,-4.342300817370414734e-03,8.869514800608158112e-03,2.185694724321365356e-01,1.523706782609224319e-02,3.043792247772216797e-01,-1.720018386840820312e-01,8.739473819732666016e-01,1.275052726268768311e-01,7.903619855642318726e-02,8.959040790796279907e-02,-1.609657555818557739e-01,-1.926068216562271118e-01,6.385409832000732422e-01,1.039987325668334961e+00,-1.121631488204002380e-01,1.247604787349700928e-01,-9.116876125335693359e-02
-6.595528684556484222e-03,3.565566614270210266e-02,7.886908650398254395e-01,9.965149164199829102e-01,-7.328396290540695190e-02,-3.001181967556476593e-02,-2.590050734579563141e-02,-4.522467404603958130e-02,8.698675036430358887e-02,7.556928694248199463e-02,3.861467242240905762e-01,-2.992416322231292725e-01,7.503700256347656250e-02,-2.290833592414855957e-01,-4.090622812509536743e-02,4.020831361413002014e-02,4.491445124149322510e-01,2.263129800558090210e-01,2.605042159557342529e-01,-9.728801669552922249e-04,6.443204358220100403e-03,2.125940173864364624e-01,1.748557388782501221e-02,3.042193949222564697e-01,-1.780369281768798828e-01,8.778800368309020996e-01,1.246239542961120605e-01,8.014038950204849243e-02,9.049779176712036133e-02,-1.580871641635894775e-01,-1.916618496179580688e-01,6.510947942733764648e-01,1.039760112762451172e+00,-1.055125966668128967e-01,1.207768619060516357e-01,-9.053847193717956543e-02
-6.175499875098466873e-03,3.427208960056304932e-02,7.886403203010559082e-01,9.968211054801940918e-01,-7.029180973768234253e-02,-2.772179245948791504e-02,-2.470622397959232330e-02,-4.629119858145713806e-02,8.156158030033111572e-02,7.317578792572021484e-02,3.810328543186187744e-01,-2.969837188720703125e-01,7.334105670452117920e-02,-2.049202919006347656e-01,-4.675412923097610474e-02,3.623329475522041321e-02,4.067797362804412842e-01,2.130290865898132324e-01,2.588037252426147461e-01,2.413494512438774109e-03,2.637553028762340546e-03,2.066707611083984375e-01,2.497328445315361023e-02,3.039078712463378906e-01,-1.848100572824478149e-01,8.815233111381530762e-01,1.203521639108657837e-01,8.051917701959609985e-02,9.124249964952468872e-02,-1.578224003314971924e-01,-1.920216083526611328e-01,6.653915643692016602e-01,1.039845228195190430e+00,-1.021298393607139587e-01,1.175731271505355835e-01,-8.819952607154846191e-02
-5.841738078743219376e-03,3.256054595112800598e-02,7.885859012603759766e-01,9.971272349357604980e-01,-6.751573085784912109e-02,-2.574687823653221130e-02,-2.368865720927715302e-02,-4.739070311188697815e-02,7.714843750000000000e-02,7.156761735677719116e-02,3.763497173786163330e-01,-2.955659329891204834e-01,7.163231074810028076e-02,-1.835873574018478394e-01,-5.197122320532798767e-02,3.240567445755004883e-02,3.656038343906402588e-01,2.045645117759704590e-01,2.583307027816772461e-01,6.305984221398830414e-03,-4.495935863815248013e-04,2.015120685100555420e-01,3.409772738814353943e-02,3.041906058788299561e-01,-1.929004788398742676e-01,8.847661614418029785e-01,1.154044121503829956e-01,8.145883679389953613e-02,9.178502857685089111e-02,-1.583162844181060791e-01,-1.920830607414245605e-01,6.795614361763000488e-01,1.038518071174621582e+00,-9.958066046237945557e-02,1.145514622330665588e-01,-8.688592910766601562e-02
-5.421266425400972366e-03,3.121400251984596252e-02,7.884364724159240723e-01,9.973108172416687012e-01,-6.465751677751541138e-02,-2.428099513053894043e-02,-2.333239838480949402e-02,-4.650753363966941833e-02,7.319527864456176758e-02,7.000044733285903931e-02,3.706054389476776123e-01,-2.946415245532989502e-01,6.975670903921127319e-02,-1.654494255781173706e-01,-5.763024464249610901e-02,2.475742064416408539e-02,3.288556039333343506e-01,1.967080086469650269e-01,2.579358220100402832e-01,1.073933299630880356e-02,-3.527886001393198967e-03,1.973593086004257202e-01,4.510615393519401550e-02,3.036687970161437988e-01,-1.996900141239166260e-01,8.886749148368835449e-01,1.093920469284057617e-01,8.054107427597045898e-02,9.200583398342132568e-02,-1.584794521331787109e-01,-1.933036297559738159e-01,6.940819621086120605e-01,1.036513566970825195e+00,-9.902770072221755981e-02,1.122231036424636841e-01,-8.402104675769805908e-02
-5.290973931550979614e-03,2.941709011793136597e-02,7.881700396537780762e-01,9.975556135177612305e-01,-6.129178777337074280e-02,-2.328078448772430420e-02,-2.290602773427963257e-02,-4.355083778500556946e-02,6.793981045484542847e-02,6.987284123897552490e-02,3.634866178035736084e-01,-2.935632169246673584e-01,6.806436181068420410e-02,-1.490992456674575806e-01,-6.447926908731460571e-02,1.726389117538928986e-02,2.986524403095245361e-01,1.846824586391448975e-01,2.577076256275177002e-01,1.501818746328353882e-02,-7.895125076174736023e-03,1.941669881343841553e-01,5.695635080337524414e-02,3.033239543437957764e-01,-2.064158022403717041e-01,8.928068280220031738e-01,1.055704131722450256e-01,7.888344675302505493e-02,9.110005199909210205e-02,-1.588922142982482910e-01,-1.953803300857543945e-01,7.082038521766662598e-01,1.033532381057739258e+00,-1.002672836184501648e-01,1.113804727792739868e-01,-8.229300379753112793e-02
-4.942113999277353287e-03,2.747941575944423676e-02,7.876330614089965820e-01,9.978002905845642090e-01,-5.734660476446151733e-02,-2.272454835474491119e-02,-2.285453304648399353e-02,-3.857225179672241211e-02,6.157068535685539246e-02,7.061143219470977783e-02,3.542410135269165039e-01,-2.921860218048095703e-01,6.660936772823333740e-02,-1.339782327413558960e-01,-7.176878303289413452e-02,9.849021211266517639e-03,2.748095691204071045e-01,1.687004268169403076e-01,2.571755349636077881e-01,1.980469748377799988e-02,-1.334764156490564346e-02,1.915771961212158203e-01,6.855558604001998901e-02,3.031123578548431396e-01,-2.138159424066543579e-01,8.976451158523559570e-01,1.030618473887443542e-01,7.669522613286972046e-02,8.904976397752761841e-02,-1.585180759429931641e-01,-1.973215192556381226e-01,7.205752730369567871e-01,1.030149698257446289e+00,-9.918027371168136597e-02,1.105440929532051086e-01,-8.108563721179962158e-02
-4.498058930039405823e-03,2.508208341896533966e-02,7.870450615882873535e-01,9.981672763824462891e-01,-5.272419378161430359e-02,-2.236459590494632721e-02,-2.254803851246833801e-02,-3.178563714027404785e-02,5.360813066363334656e-02,7.228071242570877075e-02,3.422591388225555420e-01,-2.898015975952148438e-01,6.540876626968383789e-02,-1.183500364422798157e-01,-7.928423583507537842e-02,4.134013783186674118e-03,2.533826529979705811e-01,1.492886096239089966e-01,2.570279836654663086e-01,2.428801544010639191e-02,-2.050852403044700623e-02,1.891531646251678467e-01,8.029996603727340698e-02,3.027788400650024414e-01,-2.222518324851989746e-01,9.025192856788635254e-01,1.003404781222343445e-01,7.496681809425354004e-02,8.582849055528640747e-02,-1.574315875768661499e-01,-2.007692158222198486e-01,7.316371202468872070e-01,1.025859832763671875e+00,-9.882543236017227173e-02,1.093173325061798096e-01,-8.010502159595489502e-02
-4.068571142852306366e-03,2.266425639390945435e-02,7.866179943084716797e-01,9.983506798744201660e-01,-4.779306054115295410e-02,-2.203952334821224213e-02,-2.294892258942127228e-02,-2.343119494616985321e-02,4.526459425687789917e-02,7.376424223184585571e-02,3.276360929012298584e-01,-2.854356765747070312e-01,6.417695432901382446e-02,-1.034606248140335083e-01,-8.685431629419326782e-02,-3.631419502198696136e-03,2.315238267183303833e-01,1.322700530290603638e-01,2.567344009876251221e-01,2.982289530336856842e-02,-2.846068516373634338e-02,1.862593889236450195e-01,9.093744307756423950e-02,3.028416335582733154e-01,-2.287095487117767334e-01,9.103983640670776367e-01,9.626259654760360718e-02,7.339840382337570190e-02,8.198429644107818604e-02,-1.552458256483078003e-01,-2.047268003225326538e-01,7.431852817535400391e-01,1.020730018615722656e+00,-1.009054556488990784e-01,1.081461980938911438e-01,-7.853845506906509399e-02
-3.369863843545317650e-03,1.980392634868621826e-02,7.861177325248718262e-01,9.985951781272888184e-01,-4.257079213857650757e-02,-2.183548361063003540e-02,-2.368439547717571259e-02,-1.280627120286226273e-02,3.628341481089591980e-02,7.605065405368804932e-02,3.086172640323638916e-01,-2.798915207386016846e-01,6.297225505113601685e-02,-8.834611624479293823e-02,-9.516356140375137329e-02,-1.422785408794879913e-02,2.089626044034957886e-01,1.175364479422569275e-01,2.580438852310180664e-01,3.554123640060424805e-02,-3.744397312402725220e-02,1.835356801748275757e-01,1.017305105924606323e-01,3.019792139530181885e-01,-2.327502667903900146e-01,9.215455651283264160e-01,8.814024925231933594e-02,7.081121951341629028e-02,7.856594026088714600e-02,-1.525921225547790527e-01,-2.095439136028289795e-01,7.545856237411499023e-01,1.014627456665039062e+00,-1.048656105995178223e-01,1.067997142672538757e-01,-7.616959512233734131e-02
-2.774992026388645172e-03,1.705265045166015625e-02,7.857847809791564941e-01,9.988396763801574707e-01,-3.664835914969444275e-02,-2.183013968169689178e-02,-2.463337965309619904e-02,-3.740775864571332932e-04,2.590481191873550415e-02,7.913329452276229858e-02,2.857372462749481201e-01,-2.721730768680572510e-01,6.184302642941474915e-02,-7.326956093311309814e-02,-1.055163741111755371e-01,-3.055969066917896271e-02,1.869004219770431519e-01,1.018006429076194763e-01,2.594040334224700928e-01,4.127942770719528198e-02,-4.862581938505172729e-02,1.816282868385314941e-01,1.111759394407272339e-01,3.006171882152557373e-01,-2.336483150720596313e-01,9.347422122955322266e-01,7.841128110885620117e-02,6.779902428388595581e-02,7.564611732959747314e-02,-1.503783464431762695e-01,-2.144318521022796631e-01,7.654072046279907227e-01,1.008242607116699219e+00,-1.085597649216651917e-01,1.060432568192481995e-01,-7.318992167711257935e-02
-2.272734185680747032e-03,1.424307934939861298e-02,7.851392030715942383e-01,9.989618659019470215e-01,-3.002231754362583160e-02,-2.182746864855289459e-02,-2.555448375642299652e-02,1.188180316239595413e-02,1.433275453746318817e-02,8.327180892229080200e-02,2.625169456005096436e-01,-2.641809582710266113e-01,6.066839396953582764e-02,-5.538866296410560608e-02,-1.180410161614418030e-01,-5.117625743150711060e-02,1.606165617704391479e-01,8.543442189693450928e-02,2.617820203304290771e-01,4.715635254979133606e-02,-6.183217093348503113e-02,1.800753921270370483e-01,1.182932257652282715e-01,2.991210222244262695e-01,-2.327139675617218018e-01,9.512398838996887207e-01,7.032203674316406250e-02,6.446868181228637695e-02,7.362443208694458008e-02,-1.485892683267593384e-01,-2.180540412664413452e-01,7.745638489723205566e-01,1.002478718757629395e+00,-1.092716529965400696e-01,1.068669334053993225e-01,-7.155481725931167603e-02
-2.012642798945307732e-03,1.089578866958618164e-02,7.841756343841552734e-01,9.991451501846313477e-01,-2.343464456498622894e-02,-2.202963456511497498e-02,-2.590868435800075531e-02,2.280373685061931610e-02,3.238331526517868042e-03,8.693855255842208862e-02,2.427466660737991333e-01,-2.574298083782196045e-01,5.895524844527244568e-02,-3.783405199646949768e-02,-1.307046264410018921e-01,-7.170666754245758057e-02,1.379504203796386719e-01,6.683047860860824585e-02,2.608485519886016846e-01,5.114711448550224304e-02,-7.546436041593551636e-02,1.794448494911193848e-01,1.236678063869476318e-01,2.968843281269073486e-01,-2.304331809282302856e-01,9.681062102317810059e-01,6.590699404478073120e-02,6.096677482128143311e-02,6.997015327215194702e-02,-1.478180289268493652e-01,-2.199672609567642212e-01,7.790535688400268555e-01,9.966984987258911133e-01,-1.028695702552795410e-01,1.086822003126144409e-01,-7.193640619516372681e-02
-2.037540543824434280e-03,7.359218783676624298e-03,7.832224965095520020e-01,9.992672801017761230e-01,-1.659082993865013123e-02,-2.227889746427536011e-02,-2.591315284371376038e-02,3.579172492027282715e-02,-7.400740403681993484e-03,9.052793681621551514e-02,2.208848595619201660e-01,-2.503012716770172119e-01,5.569379404187202454e-02,-2.361184172332286835e-02,-1.416033506393432617e-01,-7.958282530307769775e-02,1.222359985113143921e-01,4.750722646713256836e-02,2.560253143310546875e-01,5.247633904218673706e-02,-8.998718857765197754e-02,1.776095926761627197e-01,1.292959153652191162e-01,2.929495573043823242e-01,-2.216160595417022705e-01,9.872753620147705078e-01,6.784459203481674194e-02,5.974717438220977783e-02,6.266834586858749390e-02,-1.461485475301742554e-01,-2.186360508203506470e-01,7.798313498497009277e-01,9.934209585189819336e-01,-9.227214008569717407e-02,1.089287325739860535e-01,-6.947021186351776123e-02
